label,sharpe,cagr,dvol,mdd,calmar,worst,p1,turnover,fees,slip,funding,npos,gross,stops,sh2022,sh2023,sh2024,sh2025,sh2026,r2022,r2023,r2024,r2025,r2026
A standalone,0.5733585733699964,0.10395836950469861,0.011081097019318534,-0.4221800728716194,0.24624177202714514,-0.10661672504988906,-0.035101270837721875,14.036938434828414,0.004281266222622667,0.0009794114235829432,0.05309800909974863,22.25176056338028,0.44272051986253896,0,0.02855949824336135,1.267033684665732,1.0814596504470324,0.43309090400133604,0.5861656554099597,-0.0060885661711720385,0.16093498214292112,0.18929181398135575,0.09407943702872346,0.05627414501110417
C standalone,1.0285252352834926,0.24702604557140173,0.012707546780588328,-0.3344331543884884,0.738641015674562,-0.05455849521011602,-0.028698136664021358,101.83808813107323,0.031060616879977358,0.006152102648552065,-0.14413872027978905,74.17957746478874,0.9230668757827788,0,-0.7627056070295414,-0.5494009994220208,0.7624335336701211,2.8691532349654953,1.71709117338954,-0.16408466500938612,-0.09258890300102818,0.1370918044640852,1.286690283368142,0.41924090506779277
D3q standalone,0.7646458489984694,0.17049828134396883,0.012837277588406928,-0.25248482172791176,0.6752813080083824,-0.09969491813177389,-0.042535183760922586,222.3358323458092,0.06781242886547179,0.015582769022735468,0.08688354526133803,136.90140845070422,1.351307174892836,0,1.6621300146576587,0.3121294626495934,1.1375138377482759,0.33581488023869566,1.0091401360075083,0.2931267354147902,0.03457773556524635,0.20518492949532918,0.057240376886604105,0.2222251221223448
D3r standalone,0.5654793187863365,0.11565732665203088,0.013009105559292893,-0.31852193194889944,0.36310631918269126,-0.12133382639067836,-0.04129916527577953,184.60552763841147,0.05630468592971527,0.012967401010585859,0.07872477451276431,142.2511737089202,1.256919438746496,0,1.385509753806316,0.5630751432462697,1.1642571384194143,0.07311855457267928,0.5433868814662737,0.23157539773328728,0.07131179240597563,0.20253193957526117,-0.03816303200472937,0.09154169106189891
D7q standalone,0.6281767196562352,0.1320004212325625,0.012844716381570113,-0.3066142603166464,0.4305097247131735,-0.08267925952763311,-0.041372176183637636,196.06457004001027,0.05979969386220312,0.014092044781396149,0.09541733452291977,132.5005868544601,1.3583817549690973,0,1.4340498007286286,-0.3502559855310688,1.3352421780159462,-0.1655490504616601,1.5496752163260379,0.2263564306236836,-0.06244186882238556,0.2688275875712791,-0.11063378346443198,0.37393056495089505
D7r standalone,0.6117573246766846,0.12573579445319183,0.01262923901689044,-0.31764064202009845,0.39584290365901315,-0.089071712321668,-0.04131677349043027,160.08030537015009,0.048824493137895955,0.011548999507549007,0.08475117994225367,138.55340375586854,1.2567520630896039,0,1.5730492262254854,-0.35787802204342173,0.7102351392469929,0.09958393821837479,1.4817314879608994,0.248871495996404,-0.061267560879939675,0.11835018469825398,-0.02363503046773152,0.3569881796632075
A standalone + stop30,0.7212282348153006,0.12296845683764013,0.009640526311157275,-0.29782296069208625,0.4128911220914356,-0.06483740972335605,-0.03219646199161999,19.63895241628603,0.005051557663249044,0.0010694801903840647,0.0306786244575462,22.065140845070424,0.4315108640051062,810,-0.2803948039373808,1.3626119113305821,0.9125458275642045,0.9809944299832376,0.6371218597731603,-0.042034251970365144,0.15290241891295908,0.1467401573072502,0.2799770226867382,0.0593318427267846
A+C+D3q,1.3645648485161848,0.32220141922278134,0.011654809754262058,-0.17912496655454146,1.7987521428283009,-0.07712441118762736,-0.030830651459161935,131.78340243819363,0.04019393774364896,0.008938582467917051,-0.03605667971141958,137.65903755868544,1.0773392184638266,0,-0.1055288082432791,0.5402324380719993,1.4378625967854985,2.1531857496756093,2.1296613934137425,-0.023916357783938746,0.0649781141908996,0.3292399588722552,0.938397477133236,0.3730408910464915
A+D3q,0.8330533661182046,0.20079584389274285,0.013632350182401118,-0.45146702930041904,0.44476302900596654,-0.11862475566842479,-0.04264247348353038,137.09326569380173,0.04181344603660948,0.009663637572960746,0.09458791400424077,137.5868544600939,1.137602939606295,0,1.121422377811648,0.9475867294812007,1.3888056195975496,0.427048473621961,1.0455178683026565,0.18319756380208596,0.15844318948122837,0.32323800318804263,0.09405279111569809,0.18282785073584829
A+C+D7q,1.3592306950380704,0.32126830190500155,0.011676695436296448,-0.19608165514867604,1.6384413933213853,-0.08092801096649938,-0.030842372579569514,125.73602076325521,0.038349486332792844,0.008565078821084397,-0.03147285972318556,136.33274647887325,1.075665766680704,0,-0.019914596929265102,0.4174034102445349,1.4780588035227342,2.0570821607332332,2.33524412027969,-0.013521376648547134,0.04802117160982222,0.35087609248936524,0.865472436945093,0.4069082351068716
A+D7q,0.6664031368793703,0.1528878772402853,0.013990682272351642,-0.4932831937891311,0.30993935908487996,-0.12074578382125689,-0.044387683756187554,125.6229668336841,0.03831500488427365,0.00899588302819995,0.10178587602920841,133.56748826291079,1.1589451897749796,0,1.1082355279415994,0.4759898025516494,1.3026376382224159,0.09383754970596425,1.2033910198651592,0.18815897147035332,0.07036467048201756,0.31563210995506275,-0.04660766292712526,0.21695210771752316
A+C+D3q+D7q,1.3802882887090993,0.3019916801166209,0.01080816326012737,-0.192121899618101,1.5718753517690758,-0.06688428262651058,-0.030240780213611037,136.1203737305565,0.04151671398781979,0.00955580981629397,-0.0002546285037236116,143.62910798122067,1.0798167749302119,0,0.7097084776908995,0.5908008373586203,1.6234411723099074,1.611033110336247,2.3563612768138906,0.07574749456398178,0.06860156840777631,0.3498835471765236,0.578643238260447,0.39720840751634534
A+C,1.1358818402564055,0.29238044793147466,0.013291665634982219,-0.29501895407276046,0.9910564826567327,-0.11134900709848095,-0.03248970701058526,98.13396245707068,0.029930858549406615,0.006081438557364105,-0.07393036622870751,82.83450704225352,1.0046759335262494,0,-0.9480371030870925,0.25615928976138536,1.4685593950669251,2.191514397096611,1.788555743748312,-0.1774641206822941,0.02714874976327053,0.36706466145860306,1.1082182193145789,0.3579116099847395
A+C+D3q+D7q VT0.6 lev3,1.2258622820121945,0.18052630125929814,0.007518558141860119,-0.19824905706956553,0.9106035762144783,-0.04204041650846291,-0.022857523479760063,94.21711550562773,0.02873622022921639,0.0063679304699103155,-0.006204289000047738,79.40610328638498,0.6649347651928257,0,1.7660371447674728,-0.11593345907528126,0.9782751188306911,1.043970068991931,2.8873762334301385,0.24510212691925082,-0.02316765020032696,0.14382535423077702,0.1634939010237777,0.3393937763286414
A+C+D3q+D7q VT0.6 lev3 stop30,1.0157827035674587,0.14587130650548774,0.007541757834825605,-0.14889859072910738,0.979668812253596,-0.0514374246717928,-0.024288129832126144,106.74826132647433,0.031501990180197274,0.007082816346994064,-0.008075573490262188,79.5780516431925,0.7238191300536387,1677,0.8280854776909793,-0.03244020664970481,0.6056509992902838,1.986684720023127,1.5252778195976935,0.09272578096111306,-0.011187396776449976,0.08304295706645703,0.37072993855379566,0.17625546125742542
A+C+D3q+D7q VT0.6 lev3 stop30 dstop2,1.0232847674354209,0.14548130925078295,0.007456604146557187,-0.16145206413016988,0.9010805103885752,-0.029064593744592804,-0.023142038149407594,129.45787609788914,0.03393122721093536,0.007497649338652064,-0.012297679490213334,79.6766607877719,0.7257307966289469,1542,1.066645216733239,-0.3964087617129769,0.709535358715924,1.7590414457421033,1.9529596789354828,0.12391340055131272,-0.055240329754905226,0.0966164215657992,0.3154151763815183,0.22988166752932093
A+C+D3q+D7q VT0.6 lev3 stop30 maker50,0.9311109182045508,0.1306459278661698,0.007464806609753735,-0.14981921100252427,0.872023862092991,-0.05152914923183527,-0.02413335955224309,107.15233400306538,0.038862652088757,0.011843422883595854,-0.00770442850724746,79.09213615023474,0.7260728687649133,1667,0.6846206316265642,-0.16291799449683814,0.45598688471321164,1.9481272340072346,1.586482879926877,0.07483737275138802,-0.026629620819022093,0.05862758595117823,0.3560820439586392,0.18028942551040328
A+C+D3q+D7q VT0.6 lev3 stop30 taker-only,0.6211855141645346,0.08087483894196024,0.007382069672672139,-0.1987735315067769,0.406869254281643,-0.04983615636157468,-0.024018698944466236,106.24542565982028,0.0565051758821761,0.02349671424692565,-0.008737247691340506,76.52523474178403,0.7190492857065652,1638,0.42906868539171505,-0.8215016639330188,0.22780873595345177,1.0279677953752806,2.448037820512056,0.04394464821163657,-0.1013278080901624,0.023175724893666372,0.16313795349314586,0.28712174886881825
A+C+D3q+D7q VT0.6 lev3 stop30 slip x2 taker,0.5532898350273207,0.07045178675760111,0.007368776232341107,-0.21950097701460392,0.3209634298436419,-0.04960701251010646,-0.023281751541677366,106.17741609026508,0.056505363238495046,0.04706090858850092,-0.008563787846363136,75.8644366197183,0.7203378285867662,1589,0.06796575659517128,-0.7711377427837965,0.3123028998393187,1.003049636057612,2.280281331282924,0.0011948052495567296,-0.09585901590051371,0.036034964327321006,0.15830921564114697,0.2644590240946765
