,0
2022-01-01 00:00:00+00:00,10000.0
2022-01-01 01:00:00+00:00,10002.638279050247
2022-01-01 02:00:00+00:00,9998.243833050246
2022-01-01 03:00:00+00:00,9997.291458050247
2022-01-01 04:00:00+00:00,10004.588277050247
2022-01-01 05:00:00+00:00,10012.372894050248
2022-01-01 06:00:00+00:00,10009.533651050247
2022-01-01 07:00:00+00:00,10005.639984050247
2022-01-01 08:00:00+00:00,10007.400851531553
2022-01-01 09:00:00+00:00,10001.931774531553
2022-01-01 10:00:00+00:00,10010.535612531552
2022-01-01 11:00:00+00:00,10015.642763531552
2022-01-01 12:00:00+00:00,10019.380021531551
2022-01-01 13:00:00+00:00,10018.586672531552
2022-01-01 14:00:00+00:00,10020.003676531553
2022-01-01 15:00:00+00:00,10014.716352531552
2022-01-01 16:00:00+00:00,10013.141706769335
2022-01-01 17:00:00+00:00,10013.433221769334
2022-01-01 18:00:00+00:00,10018.267414769334
2022-01-01 19:00:00+00:00,10009.389202769335
2022-01-01 20:00:00+00:00,10002.047794769334
2022-01-01 21:00:00+00:00,9998.579131769335
2022-01-01 22:00:00+00:00,10001.747981769335
2022-01-01 23:00:00+00:00,10004.219177769335
2022-01-02 00:00:00+00:00,9990.688071930452
2022-01-02 01:00:00+00:00,9984.350095849837
2022-01-02 02:00:00+00:00,9991.534837849837
2022-01-02 03:00:00+00:00,9988.765849849837
2022-01-02 04:00:00+00:00,9987.119004849837
2022-01-02 05:00:00+00:00,9987.605005849837
2022-01-02 06:00:00+00:00,9981.359091849838
2022-01-02 07:00:00+00:00,9982.117628849837
2022-01-02 08:00:00+00:00,9978.065807557681
2022-01-02 09:00:00+00:00,9982.77726355768
2022-01-02 10:00:00+00:00,9974.211063557681
2022-01-02 11:00:00+00:00,9968.54719755768
2022-01-02 12:00:00+00:00,9971.19506655768
2022-01-02 13:00:00+00:00,9971.06173055768
2022-01-02 14:00:00+00:00,9980.14991955768
2022-01-02 15:00:00+00:00,9983.94845755768
2022-01-02 16:00:00+00:00,9968.061004392148
2022-01-02 17:00:00+00:00,9963.34697039215
2022-01-02 18:00:00+00:00,9965.374306392148
2022-01-02 19:00:00+00:00,9962.201846392149
2022-01-02 20:00:00+00:00,9961.592737392148
2022-01-02 21:00:00+00:00,9961.447956392149
2022-01-02 22:00:00+00:00,9969.580944392148
2022-01-02 23:00:00+00:00,9967.76296739215
2022-01-03 00:00:00+00:00,9963.330229948899
2022-01-03 01:00:00+00:00,9962.54744939849
2022-01-03 02:00:00+00:00,9960.43264739849
2022-01-03 03:00:00+00:00,9965.723748398488
2022-01-03 04:00:00+00:00,9969.197629398488
2022-01-03 05:00:00+00:00,9963.522546398488
2022-01-03 06:00:00+00:00,9963.941554398489
2022-01-03 07:00:00+00:00,9967.709532398489
2022-01-03 08:00:00+00:00,9971.987201386237
2022-01-03 09:00:00+00:00,9975.888434386237
2022-01-03 10:00:00+00:00,9990.179994386237
2022-01-03 11:00:00+00:00,9993.809119386236
2022-01-03 12:00:00+00:00,9993.371813386237
2022-01-03 13:00:00+00:00,9997.301784386236
2022-01-03 14:00:00+00:00,9991.023261386237
2022-01-03 15:00:00+00:00,9992.636735386237
2022-01-03 16:00:00+00:00,9994.479514459903
2022-01-03 17:00:00+00:00,10005.369149459902
2022-01-03 18:00:00+00:00,10008.647678459902
2022-01-03 19:00:00+00:00,10004.339315459902
2022-01-03 20:00:00+00:00,10002.539844459903
2022-01-03 21:00:00+00:00,9994.278225459902
2022-01-03 22:00:00+00:00,10004.871555459902
2022-01-03 23:00:00+00:00,10011.713372459903
2022-01-04 00:00:00+00:00,10021.897288120714
2022-01-04 01:00:00+00:00,10016.509323215427
2022-01-04 02:00:00+00:00,10008.541655215427
2022-01-04 03:00:00+00:00,10013.052418215428
2022-01-04 04:00:00+00:00,10023.500334215427
2022-01-04 05:00:00+00:00,10030.272318215426
2022-01-04 06:00:00+00:00,10019.827286215426
2022-01-04 07:00:00+00:00,10018.459651215428
2022-01-04 08:00:00+00:00,10024.120800094845
2022-01-04 09:00:00+00:00,10014.514795094845
2022-01-04 10:00:00+00:00,10014.763228094844
2022-01-04 11:00:00+00:00,10018.378873094844
2022-01-04 12:00:00+00:00,10041.986438094844
2022-01-04 13:00:00+00:00,10028.103472094845
2022-01-04 14:00:00+00:00,10015.983072094845
2022-01-04 15:00:00+00:00,10025.263661094845
2022-01-04 16:00:00+00:00,10011.122101701963
2022-01-04 17:00:00+00:00,9998.181446701963
2022-01-04 18:00:00+00:00,9998.831067701964
2022-01-04 19:00:00+00:00,10013.124701701963
2022-01-04 20:00:00+00:00,10020.387970701964
2022-01-04 21:00:00+00:00,10008.848719701964
2022-01-04 22:00:00+00:00,10012.499409701964
2022-01-04 23:00:00+00:00,10007.230340701964
2022-01-05 00:00:00+00:00,10015.674046965507
2022-01-05 01:00:00+00:00,10019.896871800811
2022-01-05 02:00:00+00:00,10008.79017780081
2022-01-05 03:00:00+00:00,10011.12966480081
2022-01-05 04:00:00+00:00,10005.26814580081
2022-01-05 05:00:00+00:00,10009.345123800811
2022-01-05 06:00:00+00:00,10002.04492080081
2022-01-05 07:00:00+00:00,10004.044218800811
2022-01-05 08:00:00+00:00,10004.053001053908
2022-01-05 09:00:00+00:00,9997.485210053908
2022-01-05 10:00:00+00:00,9996.700403053908
2022-01-05 11:00:00+00:00,10002.543753053907
2022-01-05 12:00:00+00:00,9990.979427053908
2022-01-05 13:00:00+00:00,9996.745191053908
2022-01-05 14:00:00+00:00,10003.001548053908
2022-01-05 15:00:00+00:00,10008.204259053908
2022-01-05 16:00:00+00:00,10008.894632719645
2022-01-05 17:00:00+00:00,10012.091862719644
2022-01-05 18:00:00+00:00,10015.483965719644
2022-01-05 19:00:00+00:00,10030.370016719644
2022-01-05 20:00:00+00:00,10044.709303719645
2022-01-05 21:00:00+00:00,10048.672309719645
2022-01-05 22:00:00+00:00,10062.525835719644
2022-01-05 23:00:00+00:00,10073.133300719644
2022-01-06 00:00:00+00:00,10062.788891718763
2022-01-06 01:00:00+00:00,10050.385402945154
2022-01-06 02:00:00+00:00,10043.772246945155
2022-01-06 03:00:00+00:00,10042.418982945155
2022-01-06 04:00:00+00:00,10044.835255945154
2022-01-06 05:00:00+00:00,10051.660140945154
2022-01-06 06:00:00+00:00,10054.739205945154
2022-01-06 07:00:00+00:00,10056.082439945154
2022-01-06 08:00:00+00:00,10059.967697249129
2022-01-06 09:00:00+00:00,10058.987322249128
2022-01-06 10:00:00+00:00,10065.795777249128
2022-01-06 11:00:00+00:00,10056.825091249128
2022-01-06 12:00:00+00:00,10053.227081249128
2022-01-06 13:00:00+00:00,10061.482346249128
2022-01-06 14:00:00+00:00,10051.730575249128
2022-01-06 15:00:00+00:00,10057.914993249127
2022-01-06 16:00:00+00:00,10070.542449827342
2022-01-06 17:00:00+00:00,10081.021675827342
2022-01-06 18:00:00+00:00,10097.952363827342
2022-01-06 19:00:00+00:00,10094.791050827342
2022-01-06 20:00:00+00:00,10091.572908827342
2022-01-06 21:00:00+00:00,10069.111552827342
2022-01-06 22:00:00+00:00,10085.515605827342
2022-01-06 23:00:00+00:00,10091.889217827342
2022-01-07 00:00:00+00:00,10080.007184816246
2022-01-07 01:00:00+00:00,10077.21089211852
2022-01-07 02:00:00+00:00,10075.660547118521
2022-01-07 03:00:00+00:00,10079.389469118521
2022-01-07 04:00:00+00:00,10090.761076118522
2022-01-07 05:00:00+00:00,10079.640651118521
2022-01-07 06:00:00+00:00,10084.281546118522
2022-01-07 07:00:00+00:00,10087.324805118522
2022-01-07 08:00:00+00:00,10088.953376313464
2022-01-07 09:00:00+00:00,10093.277154313464
2022-01-07 10:00:00+00:00,10105.637505313463
2022-01-07 11:00:00+00:00,10100.248610313463
2022-01-07 12:00:00+00:00,10100.396615313464
2022-01-07 13:00:00+00:00,10106.622632313463
2022-01-07 14:00:00+00:00,10115.054350313465
2022-01-07 15:00:00+00:00,10109.735355313464
2022-01-07 16:00:00+00:00,10104.438341032786
2022-01-07 17:00:00+00:00,10109.396048032786
2022-01-07 18:00:00+00:00,10102.133041032786
2022-01-07 19:00:00+00:00,10103.193084032786
2022-01-07 20:00:00+00:00,10103.433470032787
2022-01-07 21:00:00+00:00,10110.941592032787
2022-01-07 22:00:00+00:00,10110.755009032786
2022-01-07 23:00:00+00:00,10104.463597032787
2022-01-08 00:00:00+00:00,10110.732290972217
2022-01-08 01:00:00+00:00,10118.325604824537
2022-01-08 02:00:00+00:00,10108.425686824537
2022-01-08 03:00:00+00:00,10110.937522824537
2022-01-08 04:00:00+00:00,10109.577314824537
2022-01-08 05:00:00+00:00,10109.444996824537
2022-01-08 06:00:00+00:00,10111.129050824537
2022-01-08 07:00:00+00:00,10103.990446824537
2022-01-08 08:00:00+00:00,10094.555663500634
2022-01-08 09:00:00+00:00,10105.560177500634
2022-01-08 10:00:00+00:00,10099.533411500634
2022-01-08 11:00:00+00:00,10100.221309500634
2022-01-08 12:00:00+00:00,10103.565139500633
2022-01-08 13:00:00+00:00,10097.385839500634
2022-01-08 14:00:00+00:00,10093.202177500634
2022-01-08 15:00:00+00:00,10100.466801500634
2022-01-08 16:00:00+00:00,10095.271905695858
2022-01-08 17:00:00+00:00,10093.596505695858
2022-01-08 18:00:00+00:00,10100.283671695859
2022-01-08 19:00:00+00:00,10104.788287695857
2022-01-08 20:00:00+00:00,10096.843151695859
2022-01-08 21:00:00+00:00,10101.339615695859
2022-01-08 22:00:00+00:00,10112.506225695859
2022-01-08 23:00:00+00:00,10104.007673695858
2022-01-09 00:00:00+00:00,10116.328216058975
2022-01-09 01:00:00+00:00,10113.444240235394
2022-01-09 02:00:00+00:00,10120.482999235395
2022-01-09 03:00:00+00:00,10124.947862235394
2022-01-09 04:00:00+00:00,10133.679607235394
2022-01-09 05:00:00+00:00,10132.833566235395
2022-01-09 06:00:00+00:00,10134.052389235394
2022-01-09 07:00:00+00:00,10122.407237235395
2022-01-09 08:00:00+00:00,10124.981220882375
2022-01-09 09:00:00+00:00,10109.293699882373
2022-01-09 10:00:00+00:00,10113.457278882373
2022-01-09 11:00:00+00:00,10113.995610882374
2022-01-09 12:00:00+00:00,10107.416672882375
2022-01-09 13:00:00+00:00,10104.090175882375
2022-01-09 14:00:00+00:00,10110.637271882375
2022-01-09 15:00:00+00:00,10110.785840882374
2022-01-09 16:00:00+00:00,10131.115892664366
2022-01-09 17:00:00+00:00,10134.655016664366
2022-01-09 18:00:00+00:00,10116.638856664367
2022-01-09 19:00:00+00:00,10118.082487664367
2022-01-09 20:00:00+00:00,10118.983165664367
2022-01-09 21:00:00+00:00,10117.446536664367
2022-01-09 22:00:00+00:00,10115.377026664366
2022-01-09 23:00:00+00:00,10109.553131664366
2022-01-10 00:00:00+00:00,10118.891904314612
2022-01-10 01:00:00+00:00,10114.70098409198
2022-01-10 02:00:00+00:00,10117.41880909198
2022-01-10 03:00:00+00:00,10120.03666209198
2022-01-10 04:00:00+00:00,10123.207343091979
2022-01-10 05:00:00+00:00,10121.50375809198
2022-01-10 06:00:00+00:00,10119.777160091979
2022-01-10 07:00:00+00:00,10130.180359091979
2022-01-10 08:00:00+00:00,10133.584153082447
2022-01-10 09:00:00+00:00,10138.408550082448
2022-01-10 10:00:00+00:00,10135.437456082449
2022-01-10 11:00:00+00:00,10129.920858082449
2022-01-10 12:00:00+00:00,10116.646091082448
2022-01-10 13:00:00+00:00,10122.250782082448
2022-01-10 14:00:00+00:00,10131.191885082448
2022-01-10 15:00:00+00:00,10131.101754082449
2022-01-10 16:00:00+00:00,10142.828729778434
2022-01-10 17:00:00+00:00,10151.816798778435
2022-01-10 18:00:00+00:00,10140.437937778433
2022-01-10 19:00:00+00:00,10135.509286778433
2022-01-10 20:00:00+00:00,10140.541521778434
2022-01-10 21:00:00+00:00,10142.358884778434
2022-01-10 22:00:00+00:00,10142.580891778434
2022-01-10 23:00:00+00:00,10155.508341778434
2022-01-11 00:00:00+00:00,10155.658793424629
2022-01-11 01:00:00+00:00,10156.832117991145
2022-01-11 02:00:00+00:00,10147.212899991144
2022-01-11 03:00:00+00:00,10155.555732991144
2022-01-11 04:00:00+00:00,10159.273086991145
2022-01-11 05:00:00+00:00,10161.421992991145
2022-01-11 06:00:00+00:00,10163.631077991144
2022-01-11 07:00:00+00:00,10162.880881991145
2022-01-11 08:00:00+00:00,10155.018253243345
2022-01-11 09:00:00+00:00,10157.948298243344
2022-01-11 10:00:00+00:00,10154.339208243344
2022-01-11 11:00:00+00:00,10136.456919243345
2022-01-11 12:00:00+00:00,10150.350431243343
2022-01-11 13:00:00+00:00,10150.174879243345
2022-01-11 14:00:00+00:00,10142.543047243344
2022-01-11 15:00:00+00:00,10144.464069243344
2022-01-11 16:00:00+00:00,10151.875119813429
2022-01-11 17:00:00+00:00,10164.504602813427
2022-01-11 18:00:00+00:00,10170.598180813427
2022-01-11 19:00:00+00:00,10179.864063813427
2022-01-11 20:00:00+00:00,10175.358061813427
2022-01-11 21:00:00+00:00,10172.242561813428
2022-01-11 22:00:00+00:00,10169.507027813428
2022-01-11 23:00:00+00:00,10174.789453813428
2022-01-12 00:00:00+00:00,10172.018542907626
2022-01-12 01:00:00+00:00,10176.477119185625
2022-01-12 02:00:00+00:00,10179.567575185625
2022-01-12 03:00:00+00:00,10176.212300185625
2022-01-12 04:00:00+00:00,10196.224389185625
2022-01-12 05:00:00+00:00,10216.337568185627
2022-01-12 06:00:00+00:00,10216.008657185626
2022-01-12 07:00:00+00:00,10216.740027185626
2022-01-12 08:00:00+00:00,10235.718350249874
2022-01-12 09:00:00+00:00,10214.937825249874
2022-01-12 10:00:00+00:00,10221.320139249874
2022-01-12 11:00:00+00:00,10213.184503249873
2022-01-12 12:00:00+00:00,10196.826037249873
2022-01-12 13:00:00+00:00,10188.971957249873
2022-01-12 14:00:00+00:00,10191.428075249874
2022-01-12 15:00:00+00:00,10171.793396249874
2022-01-12 16:00:00+00:00,10176.660079735027
2022-01-12 17:00:00+00:00,10181.762408735027
2022-01-12 18:00:00+00:00,10191.573452735027
2022-01-12 19:00:00+00:00,10197.999305735026
2022-01-12 20:00:00+00:00,10187.666552735027
2022-01-12 21:00:00+00:00,10178.443197735027
2022-01-12 22:00:00+00:00,10164.519565735027
2022-01-12 23:00:00+00:00,10159.904686735026
2022-01-13 00:00:00+00:00,10154.352486966847
2022-01-13 01:00:00+00:00,10148.533690340872
2022-01-13 02:00:00+00:00,10139.142078340872
2022-01-13 03:00:00+00:00,10129.746148340872
2022-01-13 04:00:00+00:00,10136.345578340872
2022-01-13 05:00:00+00:00,10150.039192340872
2022-01-13 06:00:00+00:00,10147.814716340872
2022-01-13 07:00:00+00:00,10150.153300340871
2022-01-13 08:00:00+00:00,10161.15084718693
2022-01-13 09:00:00+00:00,10180.40264218693
2022-01-13 10:00:00+00:00,10163.620305186929
2022-01-13 11:00:00+00:00,10175.976278186929
2022-01-13 12:00:00+00:00,10181.30730718693
2022-01-13 13:00:00+00:00,10202.903382186929
2022-01-13 14:00:00+00:00,10197.36385918693
2022-01-13 15:00:00+00:00,10214.905497186928
2022-01-13 16:00:00+00:00,10242.62843611017
2022-01-13 17:00:00+00:00,10245.980467110168
2022-01-13 18:00:00+00:00,10242.099148110168
2022-01-13 19:00:00+00:00,10253.792768110168
2022-01-13 20:00:00+00:00,10263.191948110169
2022-01-13 21:00:00+00:00,10254.499611110168
2022-01-13 22:00:00+00:00,10258.918999110168
2022-01-13 23:00:00+00:00,10261.54507111017
2022-01-14 00:00:00+00:00,10276.252449419168
2022-01-14 01:00:00+00:00,10263.003269390452
2022-01-14 02:00:00+00:00,10274.469305390452
2022-01-14 03:00:00+00:00,10269.983827390452
2022-01-14 04:00:00+00:00,10245.12243439045
2022-01-14 05:00:00+00:00,10230.111125390451
2022-01-14 06:00:00+00:00,10230.401579390451
2022-01-14 07:00:00+00:00,10249.15553339045
2022-01-14 08:00:00+00:00,10258.119407565175
2022-01-14 09:00:00+00:00,10267.534853565174
2022-01-14 10:00:00+00:00,10263.467498565175
2022-01-14 11:00:00+00:00,10274.411467565174
2022-01-14 12:00:00+00:00,10273.396522565174
2022-01-14 13:00:00+00:00,10272.299788565175
2022-01-14 14:00:00+00:00,10267.178497565174
2022-01-14 15:00:00+00:00,10272.045739565174
2022-01-14 16:00:00+00:00,10268.237228510588
2022-01-14 17:00:00+00:00,10257.109195510588
2022-01-14 18:00:00+00:00,10261.186177510588
2022-01-14 19:00:00+00:00,10257.138516510588
2022-01-14 20:00:00+00:00,10252.853098510588
2022-01-14 21:00:00+00:00,10262.899205510588
2022-01-14 22:00:00+00:00,10276.270246510589
2022-01-14 23:00:00+00:00,10275.889472510587
2022-01-15 00:00:00+00:00,10259.670648949577
2022-01-15 01:00:00+00:00,10251.470619498177
2022-01-15 02:00:00+00:00,10238.122254951912
2022-01-15 03:00:00+00:00,10236.217626951911
2022-01-15 04:00:00+00:00,10219.120045951911
2022-01-15 05:00:00+00:00,10209.359326951911
2022-01-15 06:00:00+00:00,10214.182616951912
2022-01-15 07:00:00+00:00,10214.238179951912
2022-01-15 08:00:00+00:00,10201.304758439233
2022-01-15 09:00:00+00:00,10197.968740439233
2022-01-15 10:00:00+00:00,10194.157549439235
2022-01-15 11:00:00+00:00,10176.502304439235
2022-01-15 12:00:00+00:00,10176.631629439235
2022-01-15 13:00:00+00:00,10170.114965439234
2022-01-15 14:00:00+00:00,10171.912520501704
2022-01-15 15:00:00+00:00,10171.141862501705
2022-01-15 16:00:00+00:00,10165.043893890652
2022-01-15 17:00:00+00:00,10162.099149890651
2022-01-15 18:00:00+00:00,10164.931170890652
2022-01-15 19:00:00+00:00,10165.593363890652
2022-01-15 20:00:00+00:00,10168.219598890653
2022-01-15 21:00:00+00:00,10172.702548890653
2022-01-15 22:00:00+00:00,10181.166872890652
2022-01-15 23:00:00+00:00,10184.070878890652
2022-01-16 00:00:00+00:00,10186.449094928957
2022-01-16 01:00:00+00:00,10176.757772474546
2022-01-16 02:00:00+00:00,10193.997036474548
2022-01-16 03:00:00+00:00,10195.592688474546
2022-01-16 04:00:00+00:00,10205.769290474547
2022-01-16 05:00:00+00:00,10199.455022474547
2022-01-16 06:00:00+00:00,10199.339778474547
2022-01-16 07:00:00+00:00,10204.814178474548
2022-01-16 08:00:00+00:00,10218.604046709834
2022-01-16 09:00:00+00:00,10198.390966709832
2022-01-16 10:00:00+00:00,10195.086318709833
2022-01-16 11:00:00+00:00,10197.067038709833
2022-01-16 12:00:00+00:00,10187.771598709833
2022-01-16 13:00:00+00:00,10184.352758709832
2022-01-16 14:00:00+00:00,10184.630056709833
2022-01-16 15:00:00+00:00,10182.958970709833
2022-01-16 16:00:00+00:00,10176.58089489696
2022-01-16 17:00:00+00:00,10179.79911089696
2022-01-16 18:00:00+00:00,10193.55708889696
2022-01-16 19:00:00+00:00,10195.47010689696
2022-01-16 20:00:00+00:00,10185.14822289696
2022-01-16 21:00:00+00:00,10187.85688489696
2022-01-16 22:00:00+00:00,10191.971096896961
2022-01-16 23:00:00+00:00,10197.58047089696
2022-01-17 00:00:00+00:00,10198.73734032996
2022-01-17 01:00:00+00:00,10186.932982174503
2022-01-17 02:00:00+00:00,10205.332573174503
2022-01-17 03:00:00+00:00,10215.246440174502
2022-01-17 04:00:00+00:00,10224.953766174503
2022-01-17 05:00:00+00:00,10235.283664174502
2022-01-17 06:00:00+00:00,10234.201343174502
2022-01-17 07:00:00+00:00,10249.690622174503
2022-01-17 08:00:00+00:00,10251.143147619938
2022-01-17 09:00:00+00:00,10244.945651619937
2022-01-17 10:00:00+00:00,10238.887680619937
2022-01-17 11:00:00+00:00,10236.193759619937
2022-01-17 12:00:00+00:00,10234.040479619936
2022-01-17 13:00:00+00:00,10226.755343619938
2022-01-17 14:00:00+00:00,10218.475555619938
2022-01-17 15:00:00+00:00,10201.723757619937
2022-01-17 16:00:00+00:00,10211.923712686497
2022-01-17 17:00:00+00:00,10200.707294686497
2022-01-17 18:00:00+00:00,10207.779491686497
2022-01-17 19:00:00+00:00,10210.008046686497
2022-01-17 20:00:00+00:00,10220.461247686497
2022-01-17 21:00:00+00:00,10229.990717686496
2022-01-17 22:00:00+00:00,10240.214455686497
2022-01-17 23:00:00+00:00,10245.889337686496
2022-01-18 00:00:00+00:00,10229.942792702084
2022-01-18 01:00:00+00:00,10200.496181610122
2022-01-18 02:00:00+00:00,10194.52312361012
2022-01-18 03:00:00+00:00,10222.74603761012
2022-01-18 04:00:00+00:00,10220.33079861012
2022-01-18 05:00:00+00:00,10223.30048361012
2022-01-18 06:00:00+00:00,10208.458007610121
2022-01-18 07:00:00+00:00,10211.352335610121
2022-01-18 08:00:00+00:00,10232.146330846137
2022-01-18 09:00:00+00:00,10237.373386846137
2022-01-18 10:00:00+00:00,10252.785981846137
2022-01-18 11:00:00+00:00,10241.442286846137
2022-01-18 12:00:00+00:00,10238.785129846137
2022-01-18 13:00:00+00:00,10233.092877846137
2022-01-18 14:00:00+00:00,10240.758611846137
2022-01-18 15:00:00+00:00,10226.444715846137
2022-01-18 16:00:00+00:00,10215.423392864468
2022-01-18 17:00:00+00:00,10214.355415864467
2022-01-18 18:00:00+00:00,10218.868790864468
2022-01-18 19:00:00+00:00,10216.737386864468
2022-01-18 20:00:00+00:00,10222.168371864467
2022-01-18 21:00:00+00:00,10219.404128864468
2022-01-18 22:00:00+00:00,10220.037664864469
2022-01-18 23:00:00+00:00,10217.622788864468
2022-01-19 00:00:00+00:00,10226.921464130688
2022-01-19 01:00:00+00:00,10223.07663958695
2022-01-19 02:00:00+00:00,10207.83923458695
2022-01-19 03:00:00+00:00,10228.61566658695
2022-01-19 04:00:00+00:00,10233.744985586949
2022-01-19 05:00:00+00:00,10228.24944058695
2022-01-19 06:00:00+00:00,10228.50940658695
2022-01-19 07:00:00+00:00,10253.98534858695
2022-01-19 08:00:00+00:00,10262.02627258779
2022-01-19 09:00:00+00:00,10272.93475458779
2022-01-19 10:00:00+00:00,10271.381046587789
2022-01-19 11:00:00+00:00,10267.68175458779
2022-01-19 12:00:00+00:00,10276.495261587788
2022-01-19 13:00:00+00:00,10272.13987158779
2022-01-19 14:00:00+00:00,10268.00485158779
2022-01-19 15:00:00+00:00,10257.75759658779
2022-01-19 16:00:00+00:00,10273.05539190149
2022-01-19 17:00:00+00:00,10266.984356901488
2022-01-19 18:00:00+00:00,10272.341148901489
2022-01-19 19:00:00+00:00,10275.763295901488
2022-01-19 20:00:00+00:00,10270.697163901488
2022-01-19 21:00:00+00:00,10273.570251901489
2022-01-19 22:00:00+00:00,10264.77510990149
2022-01-19 23:00:00+00:00,10280.37969390149
2022-01-20 00:00:00+00:00,10283.063101930671
2022-01-20 01:00:00+00:00,10307.30572518846
2022-01-20 02:00:00+00:00,10297.87306118846
2022-01-20 03:00:00+00:00,10279.82700418846
2022-01-20 04:00:00+00:00,10276.57789018846
2022-01-20 05:00:00+00:00,10270.11381918846
2022-01-20 06:00:00+00:00,10270.773559188461
2022-01-20 07:00:00+00:00,10268.758369188461
2022-01-20 08:00:00+00:00,10252.389382374917
2022-01-20 09:00:00+00:00,10248.225886374918
2022-01-20 10:00:00+00:00,10243.518563374917
2022-01-20 11:00:00+00:00,10245.929254374918
2022-01-20 12:00:00+00:00,10252.954917374918
2022-01-20 13:00:00+00:00,10258.485529374917
2022-01-20 14:00:00+00:00,10242.716308374918
2022-01-20 15:00:00+00:00,10230.902918374917
2022-01-20 16:00:00+00:00,10231.2249003997
2022-01-20 17:00:00+00:00,10236.9772823997
2022-01-20 18:00:00+00:00,10243.5375553997
2022-01-20 19:00:00+00:00,10248.0769703997
2022-01-20 20:00:00+00:00,10233.5594863997
2022-01-20 21:00:00+00:00,10293.2148803997
2022-01-20 22:00:00+00:00,10309.1155293997
2022-01-20 23:00:00+00:00,10314.6822503997
2022-01-21 00:00:00+00:00,10332.22477077746
2022-01-21 01:00:00+00:00,10367.099797555456
2022-01-21 02:00:00+00:00,10367.057673555457
2022-01-21 03:00:00+00:00,10371.700127555458
2022-01-21 04:00:00+00:00,10374.001014555457
2022-01-21 05:00:00+00:00,10361.677473555457
2022-01-21 06:00:00+00:00,10359.801347555456
2022-01-21 07:00:00+00:00,10357.211235555456
2022-01-21 08:00:00+00:00,10369.234395354668
2022-01-21 09:00:00+00:00,10371.446617354668
2022-01-21 10:00:00+00:00,10366.947629354667
2022-01-21 11:00:00+00:00,10381.989800354668
2022-01-21 12:00:00+00:00,10424.962982354667
2022-01-21 13:00:00+00:00,10418.250011354667
2022-01-21 14:00:00+00:00,10417.982693354668
2022-01-21 15:00:00+00:00,10415.049952354668
2022-01-21 16:00:00+00:00,10431.781661470535
2022-01-21 17:00:00+00:00,10426.126138470536
2022-01-21 18:00:00+00:00,10437.833277470536
2022-01-21 19:00:00+00:00,10443.798617470535
2022-01-21 20:00:00+00:00,10459.473171470536
2022-01-21 21:00:00+00:00,10509.078957470536
2022-01-21 22:00:00+00:00,10515.205635470536
2022-01-21 23:00:00+00:00,10535.646010470537
2022-01-22 00:00:00+00:00,10521.937987348505
2022-01-22 01:00:00+00:00,10530.79365198564
2022-01-22 02:00:00+00:00,10533.89652698564
2022-01-22 03:00:00+00:00,10545.66698698564
2022-01-22 04:00:00+00:00,10533.67899598564
2022-01-22 05:00:00+00:00,10590.53865898564
2022-01-22 06:00:00+00:00,10582.84276798564
2022-01-22 07:00:00+00:00,10586.14010898564
2022-01-22 08:00:00+00:00,10584.375662989427
2022-01-22 09:00:00+00:00,10602.830386989428
2022-01-22 10:00:00+00:00,10583.227600989427
2022-01-22 11:00:00+00:00,10580.826030989427
2022-01-22 12:00:00+00:00,10563.125319989427
2022-01-22 13:00:00+00:00,10580.940942989428
2022-01-22 14:00:00+00:00,10591.075322989427
2022-01-22 15:00:00+00:00,10593.580241989428
2022-01-22 16:00:00+00:00,10580.935442558603
2022-01-22 17:00:00+00:00,10589.816397558603
2022-01-22 18:00:00+00:00,10580.018945558602
2022-01-22 19:00:00+00:00,10571.192166558603
2022-01-22 20:00:00+00:00,10573.529148558602
2022-01-22 21:00:00+00:00,10575.198785558603
2022-01-22 22:00:00+00:00,10579.269345558603
2022-01-22 23:00:00+00:00,10564.627634558603
2022-01-23 00:00:00+00:00,10559.088661999303
2022-01-23 01:00:00+00:00,10562.608865657307
2022-01-23 02:00:00+00:00,10571.921435657307
2022-01-23 03:00:00+00:00,10563.941948657306
2022-01-23 04:00:00+00:00,10559.922177657307
2022-01-23 05:00:00+00:00,10557.234021657307
2022-01-23 06:00:00+00:00,10560.167796657306
2022-01-23 07:00:00+00:00,10552.644308657307
2022-01-23 08:00:00+00:00,10550.570153945673
2022-01-23 09:00:00+00:00,10530.933183945674
2022-01-23 10:00:00+00:00,10542.615790945674
2022-01-23 11:00:00+00:00,10562.207034945674
2022-01-23 12:00:00+00:00,10563.958045945674
2022-01-23 13:00:00+00:00,10556.518056945673
2022-01-23 14:00:00+00:00,10560.504482945673
2022-01-23 15:00:00+00:00,10567.390429945674
2022-01-23 16:00:00+00:00,10576.750675936082
2022-01-23 17:00:00+00:00,10584.138625936082
2022-01-23 18:00:00+00:00,10587.124909936083
2022-01-23 19:00:00+00:00,10590.137432936082
2022-01-23 20:00:00+00:00,10579.504342936083
2022-01-23 21:00:00+00:00,10587.164235936081
2022-01-23 22:00:00+00:00,10582.827071936083
2022-01-23 23:00:00+00:00,10558.608460936082
2022-01-24 00:00:00+00:00,10547.05718833959
2022-01-24 01:00:00+00:00,10545.983410617295
2022-01-24 02:00:00+00:00,10560.952648617294
2022-01-24 03:00:00+00:00,10563.901077617295
2022-01-24 04:00:00+00:00,10569.806178617295
2022-01-24 05:00:00+00:00,10566.709487617296
2022-01-24 06:00:00+00:00,10570.889939617295
2022-01-24 07:00:00+00:00,10582.992569617294
2022-01-24 08:00:00+00:00,10596.570293454935
2022-01-24 09:00:00+00:00,10601.189043454935
2022-01-24 10:00:00+00:00,10609.501200454935
2022-01-24 11:00:00+00:00,10630.226018454934
2022-01-24 12:00:00+00:00,10626.181911454934
2022-01-24 13:00:00+00:00,10621.383722454935
2022-01-24 14:00:00+00:00,10620.823160454935
2022-01-24 15:00:00+00:00,10606.988913454936
2022-01-24 16:00:00+00:00,10617.861022789646
2022-01-24 17:00:00+00:00,10609.507329789645
2022-01-24 18:00:00+00:00,10592.041548789646
2022-01-24 19:00:00+00:00,10581.516314789646
2022-01-24 20:00:00+00:00,10575.742832789645
2022-01-24 21:00:00+00:00,10557.710927789645
2022-01-24 22:00:00+00:00,10551.698791789646
2022-01-24 23:00:00+00:00,10561.331511789645
2022-01-25 00:00:00+00:00,10552.126681129428
2022-01-25 01:00:00+00:00,10538.952968986963
2022-01-25 02:00:00+00:00,10535.282568986962
2022-01-25 03:00:00+00:00,10542.124838986962
2022-01-25 04:00:00+00:00,10538.714708986963
2022-01-25 05:00:00+00:00,10539.310968986963
2022-01-25 06:00:00+00:00,10536.677663986962
2022-01-25 07:00:00+00:00,10529.112643986962
2022-01-25 08:00:00+00:00,10542.114507407354
2022-01-25 09:00:00+00:00,10550.790042407354
2022-01-25 10:00:00+00:00,10552.895872407355
2022-01-25 11:00:00+00:00,10555.481017407354
2022-01-25 12:00:00+00:00,10558.800107407355
2022-01-25 13:00:00+00:00,10569.994772407354
2022-01-25 14:00:00+00:00,10572.842577407355
2022-01-25 15:00:00+00:00,10589.746022407355
2022-01-25 16:00:00+00:00,10587.428159128938
2022-01-25 17:00:00+00:00,10583.850394128938
2022-01-25 18:00:00+00:00,10589.222949128938
2022-01-25 19:00:00+00:00,10570.680444128939
2022-01-25 20:00:00+00:00,10577.336354128938
2022-01-25 21:00:00+00:00,10581.035004128938
2022-01-25 22:00:00+00:00,10581.587009128938
2022-01-25 23:00:00+00:00,10574.577664128938
2022-01-26 00:00:00+00:00,10571.285131613467
2022-01-26 01:00:00+00:00,10560.351763278011
2022-01-26 02:00:00+00:00,10553.786123278012
2022-01-26 03:00:00+00:00,10540.370899278012
2022-01-26 04:00:00+00:00,10539.052155278012
2022-01-26 05:00:00+00:00,10523.357971278012
2022-01-26 06:00:00+00:00,10521.342302278012
2022-01-26 07:00:00+00:00,10521.462450278012
2022-01-26 08:00:00+00:00,10524.335564860203
2022-01-26 09:00:00+00:00,10527.092007860201
2022-01-26 10:00:00+00:00,10533.832408860202
2022-01-26 11:00:00+00:00,10531.862997860202
2022-01-26 12:00:00+00:00,10546.619076860203
2022-01-26 13:00:00+00:00,10561.395821860202
2022-01-26 14:00:00+00:00,10557.328143860203
2022-01-26 15:00:00+00:00,10561.831383860203
2022-01-26 16:00:00+00:00,10564.98431274565
2022-01-26 17:00:00+00:00,10567.69336374565
2022-01-26 18:00:00+00:00,10556.82883274565
2022-01-26 19:00:00+00:00,10532.32842574565
2022-01-26 20:00:00+00:00,10532.49612874565
2022-01-26 21:00:00+00:00,10539.745599745649
2022-01-26 22:00:00+00:00,10550.46027074565
2022-01-26 23:00:00+00:00,10552.40933374565
2022-01-27 00:00:00+00:00,10550.752836915644
2022-01-27 01:00:00+00:00,10555.978526162164
2022-01-27 02:00:00+00:00,10547.654832162165
2022-01-27 03:00:00+00:00,10553.823998162165
2022-01-27 04:00:00+00:00,10560.312418162164
2022-01-27 05:00:00+00:00,10555.384026162164
2022-01-27 06:00:00+00:00,10547.312695162165
2022-01-27 07:00:00+00:00,10546.981365162164
2022-01-27 08:00:00+00:00,10534.441511625484
2022-01-27 09:00:00+00:00,10529.536197625483
2022-01-27 10:00:00+00:00,10534.558145625484
2022-01-27 11:00:00+00:00,10534.779532625484
2022-01-27 12:00:00+00:00,10531.451292625483
2022-01-27 13:00:00+00:00,10536.076162625483
2022-01-27 14:00:00+00:00,10528.882062625484
2022-01-27 15:00:00+00:00,10521.970812625483
2022-01-27 16:00:00+00:00,10518.10143232464
2022-01-27 17:00:00+00:00,10507.53112532464
2022-01-27 18:00:00+00:00,10504.92925132464
2022-01-27 19:00:00+00:00,10503.55503532464
2022-01-27 20:00:00+00:00,10517.55323632464
2022-01-27 21:00:00+00:00,10503.32533032464
2022-01-27 22:00:00+00:00,10503.58105832464
2022-01-27 23:00:00+00:00,10492.42941032464
2022-01-28 00:00:00+00:00,10495.323694138613
2022-01-28 01:00:00+00:00,10492.270624327248
2022-01-28 02:00:00+00:00,10497.370980327249
2022-01-28 03:00:00+00:00,10492.566779327248
2022-01-28 04:00:00+00:00,10495.05048232725
2022-01-28 05:00:00+00:00,10496.473287327248
2022-01-28 06:00:00+00:00,10497.148899327249
2022-01-28 07:00:00+00:00,10494.558313327248
2022-01-28 08:00:00+00:00,10492.79420775014
2022-01-28 09:00:00+00:00,10497.120955750139
2022-01-28 10:00:00+00:00,10502.98826975014
2022-01-28 11:00:00+00:00,10503.086642750139
2022-01-28 12:00:00+00:00,10505.55952175014
2022-01-28 13:00:00+00:00,10503.05779175014
2022-01-28 14:00:00+00:00,10501.60390375014
2022-01-28 15:00:00+00:00,10502.03148075014
2022-01-28 16:00:00+00:00,10498.818462535151
2022-01-28 17:00:00+00:00,10500.596186535151
2022-01-28 18:00:00+00:00,10499.469806535151
2022-01-28 19:00:00+00:00,10501.67164553515
2022-01-28 20:00:00+00:00,10501.34194553515
2022-01-28 21:00:00+00:00,10501.77498153515
2022-01-28 22:00:00+00:00,10501.72259253515
2022-01-28 23:00:00+00:00,10497.94541653515
2022-01-29 00:00:00+00:00,10496.012476049833
2022-01-29 01:00:00+00:00,10493.437428178227
2022-01-29 02:00:00+00:00,10493.493585178228
2022-01-29 03:00:00+00:00,10491.649155178227
2022-01-29 04:00:00+00:00,10490.010495178227
2022-01-29 05:00:00+00:00,10490.023319178228
2022-01-29 06:00:00+00:00,10490.832213178228
2022-01-29 07:00:00+00:00,10485.968947178228
2022-01-29 08:00:00+00:00,10485.207177126973
2022-01-29 09:00:00+00:00,10484.824793126973
2022-01-29 10:00:00+00:00,10481.232343126972
2022-01-29 11:00:00+00:00,10479.271558126973
2022-01-29 12:00:00+00:00,10478.631500126972
2022-01-29 13:00:00+00:00,10479.810525126974
2022-01-29 14:00:00+00:00,10472.054401126972
2022-01-29 15:00:00+00:00,10465.304789126973
2022-01-29 16:00:00+00:00,10463.589231787784
2022-01-29 17:00:00+00:00,10463.460442787786
2022-01-29 18:00:00+00:00,10467.167421787784
2022-01-29 19:00:00+00:00,10466.408741787785
2022-01-29 20:00:00+00:00,10468.632740787785
2022-01-29 21:00:00+00:00,10463.804704787784
2022-01-29 22:00:00+00:00,10469.750704787784
2022-01-29 23:00:00+00:00,10468.324279787785
2022-01-30 00:00:00+00:00,10471.241125202763
2022-01-30 01:00:00+00:00,10469.322074002534
2022-01-30 02:00:00+00:00,10467.812894002534
2022-01-30 03:00:00+00:00,10466.762628002534
2022-01-30 04:00:00+00:00,10466.698053002534
2022-01-30 05:00:00+00:00,10462.242102002534
2022-01-30 06:00:00+00:00,10461.618298002535
2022-01-30 07:00:00+00:00,10459.423548002535
2022-01-30 08:00:00+00:00,10461.196548387812
2022-01-30 09:00:00+00:00,10458.872122387813
2022-01-30 10:00:00+00:00,10460.146832387813
2022-01-30 11:00:00+00:00,10456.995089387812
2022-01-30 12:00:00+00:00,10452.831481387811
2022-01-30 13:00:00+00:00,10454.260503387812
2022-01-30 14:00:00+00:00,10457.278675387812
2022-01-30 15:00:00+00:00,10460.580882387812
2022-01-30 16:00:00+00:00,10464.615302942597
2022-01-30 17:00:00+00:00,10465.133177942596
2022-01-30 18:00:00+00:00,10467.832698942597
2022-01-30 19:00:00+00:00,10466.609234942596
2022-01-30 20:00:00+00:00,10468.758360942596
2022-01-30 21:00:00+00:00,10473.735813942596
2022-01-30 22:00:00+00:00,10473.839475942596
2022-01-30 23:00:00+00:00,10476.695158942595
2022-01-31 00:00:00+00:00,10476.765575449579
2022-01-31 01:00:00+00:00,10476.056967495659
2022-01-31 02:00:00+00:00,10477.47194649566
2022-01-31 03:00:00+00:00,10479.140706495658
2022-01-31 04:00:00+00:00,10480.379290495659
2022-01-31 05:00:00+00:00,10483.20162449566
2022-01-31 06:00:00+00:00,10486.714480495659
2022-01-31 07:00:00+00:00,10486.98429849566
2022-01-31 08:00:00+00:00,10489.453642322478
2022-01-31 09:00:00+00:00,10485.035963322478
2022-01-31 10:00:00+00:00,10479.483395322479
2022-01-31 11:00:00+00:00,10481.516093322478
2022-01-31 12:00:00+00:00,10484.715703322478
2022-01-31 13:00:00+00:00,10482.256998322478
2022-01-31 14:00:00+00:00,10472.073175322477
2022-01-31 15:00:00+00:00,10466.327010322479
2022-01-31 16:00:00+00:00,10467.406722601128
2022-01-31 17:00:00+00:00,10467.044170601128
2022-01-31 18:00:00+00:00,10467.143325601128
2022-01-31 19:00:00+00:00,10469.024512601129
2022-01-31 20:00:00+00:00,10466.367223601128
2022-01-31 21:00:00+00:00,10466.540119601128
2022-01-31 22:00:00+00:00,10466.974949601128
2022-01-31 23:00:00+00:00,10463.618234601128
2022-02-01 00:00:00+00:00,10460.593183351235
2022-02-01 01:00:00+00:00,10460.155485453235
2022-02-01 02:00:00+00:00,10461.303132453235
2022-02-01 03:00:00+00:00,10458.185702453236
2022-02-01 04:00:00+00:00,10457.980532453235
2022-02-01 05:00:00+00:00,10457.675859453237
2022-02-01 06:00:00+00:00,10456.788899453235
2022-02-01 07:00:00+00:00,10457.127128453236
2022-02-01 08:00:00+00:00,10454.124900193932
2022-02-01 09:00:00+00:00,10452.420610193933
2022-02-01 10:00:00+00:00,10452.428922193933
2022-02-01 11:00:00+00:00,10452.368861193932
2022-02-01 12:00:00+00:00,10450.388785193933
2022-02-01 13:00:00+00:00,10449.437808193932
2022-02-01 14:00:00+00:00,10449.990753193932
2022-02-01 15:00:00+00:00,10448.980996193932
2022-02-01 16:00:00+00:00,10447.294439574556
2022-02-01 17:00:00+00:00,10448.426080574556
2022-02-01 18:00:00+00:00,10446.822941574555
2022-02-01 19:00:00+00:00,10448.891536574556
2022-02-01 20:00:00+00:00,10449.698720574555
2022-02-01 21:00:00+00:00,10448.925987574556
2022-02-01 22:00:00+00:00,10450.154802574556
2022-02-01 23:00:00+00:00,10450.241313574556
2022-02-02 00:00:00+00:00,10455.993709416649
2022-02-02 01:00:00+00:00,10453.98415150865
2022-02-02 02:00:00+00:00,10456.15493450865
2022-02-02 03:00:00+00:00,10458.93737250865
2022-02-02 04:00:00+00:00,10458.39442450865
2022-02-02 05:00:00+00:00,10459.07469650865
2022-02-02 06:00:00+00:00,10459.29206150865
2022-02-02 07:00:00+00:00,10457.63757650865
2022-02-02 08:00:00+00:00,10457.515122318904
2022-02-02 09:00:00+00:00,10456.819239318904
2022-02-02 10:00:00+00:00,10456.350617318903
2022-02-02 11:00:00+00:00,10453.930047318903
2022-02-02 12:00:00+00:00,10455.483020318903
2022-02-02 13:00:00+00:00,10454.229911318904
2022-02-02 14:00:00+00:00,10458.237855318903
2022-02-02 15:00:00+00:00,10457.813872318904
2022-02-02 16:00:00+00:00,10460.291551904853
2022-02-02 17:00:00+00:00,10458.597609904853
2022-02-02 18:00:00+00:00,10454.461540904853
2022-02-02 19:00:00+00:00,10455.577984904854
2022-02-02 20:00:00+00:00,10454.816625904854
2022-02-02 21:00:00+00:00,10455.068071904854
2022-02-02 22:00:00+00:00,10455.955524904854
2022-02-02 23:00:00+00:00,10457.033944904853
2022-02-03 00:00:00+00:00,10459.707039237563
2022-02-03 01:00:00+00:00,10460.301248757703
2022-02-03 02:00:00+00:00,10460.135994757704
2022-02-03 03:00:00+00:00,10461.051220757705
2022-02-03 04:00:00+00:00,10462.135471757705
2022-02-03 05:00:00+00:00,10461.199310757704
2022-02-03 06:00:00+00:00,10463.612877757705
2022-02-03 07:00:00+00:00,10463.712022757705
2022-02-03 08:00:00+00:00,10463.421858814521
2022-02-03 09:00:00+00:00,10462.516825814522
2022-02-03 10:00:00+00:00,10462.38607181452
2022-02-03 11:00:00+00:00,10464.312834814522
2022-02-03 12:00:00+00:00,10463.08780581452
2022-02-03 13:00:00+00:00,10464.84057281452
2022-02-03 14:00:00+00:00,10464.62263381452
2022-02-03 15:00:00+00:00,10462.918764814522
2022-02-03 16:00:00+00:00,10463.629574273653
2022-02-03 17:00:00+00:00,10463.804330273653
2022-02-03 18:00:00+00:00,10464.446651273653
2022-02-03 19:00:00+00:00,10464.431747273653
2022-02-03 20:00:00+00:00,10464.531624273654
2022-02-03 21:00:00+00:00,10464.232297273653
2022-02-03 22:00:00+00:00,10462.802883273653
2022-02-03 23:00:00+00:00,10463.100285273653
2022-02-04 00:00:00+00:00,10465.138590145913
2022-02-04 01:00:00+00:00,10464.907619037253
2022-02-04 02:00:00+00:00,10464.740825037252
2022-02-04 03:00:00+00:00,10463.958538037252
2022-02-04 04:00:00+00:00,10463.873370037252
2022-02-04 05:00:00+00:00,10462.968326037253
2022-02-04 06:00:00+00:00,10461.810300037252
2022-02-04 07:00:00+00:00,10462.577164037253
2022-02-04 08:00:00+00:00,10462.75884239454
2022-02-04 09:00:00+00:00,10462.80014339454
2022-02-04 10:00:00+00:00,10462.719443394539
2022-02-04 11:00:00+00:00,10463.42859839454
2022-02-04 12:00:00+00:00,10464.18269939454
2022-02-04 13:00:00+00:00,10464.32032139454
2022-02-04 14:00:00+00:00,10464.541760394539
2022-02-04 15:00:00+00:00,10463.063740394538
2022-02-04 16:00:00+00:00,10463.326868700726
2022-02-04 17:00:00+00:00,10463.159037700725
2022-02-04 18:00:00+00:00,10462.491867700724
2022-02-04 19:00:00+00:00,10459.483260700725
2022-02-04 20:00:00+00:00,10457.384702700725
2022-02-04 21:00:00+00:00,10457.690865700726
2022-02-04 22:00:00+00:00,10457.864306700725
2022-02-04 23:00:00+00:00,10455.979213700724
2022-02-05 00:00:00+00:00,10454.214239117258
2022-02-05 01:00:00+00:00,10452.357737449258
2022-02-05 02:00:00+00:00,10452.504118449257
2022-02-05 03:00:00+00:00,10452.206970449257
2022-02-05 04:00:00+00:00,10452.490107449257
2022-02-05 05:00:00+00:00,10453.345663449258
2022-02-05 06:00:00+00:00,10452.052508449256
2022-02-05 07:00:00+00:00,10452.464750449257
2022-02-05 08:00:00+00:00,10453.446849142929
2022-02-05 09:00:00+00:00,10454.368187142929
2022-02-05 10:00:00+00:00,10453.735794142929
2022-02-05 11:00:00+00:00,10452.782523142929
2022-02-05 12:00:00+00:00,10453.464233142928
2022-02-05 13:00:00+00:00,10453.598991142928
2022-02-05 14:00:00+00:00,10453.989678142929
2022-02-05 15:00:00+00:00,10454.390546142928
2022-02-05 16:00:00+00:00,10454.428881433052
2022-02-05 17:00:00+00:00,10454.560464433052
2022-02-05 18:00:00+00:00,10454.627180433052
2022-02-05 19:00:00+00:00,10454.069151433052
2022-02-05 20:00:00+00:00,10454.022819433052
2022-02-05 21:00:00+00:00,10454.353922433053
2022-02-05 22:00:00+00:00,10453.759352433051
2022-02-05 23:00:00+00:00,10453.985839433051
2022-02-06 00:00:00+00:00,10454.524356911357
2022-02-06 01:00:00+00:00,10453.616702251358
2022-02-06 02:00:00+00:00,10452.53041825136
2022-02-06 03:00:00+00:00,10451.965567251358
2022-02-06 04:00:00+00:00,10451.981350251359
2022-02-06 05:00:00+00:00,10452.801870251358
2022-02-06 06:00:00+00:00,10452.47560725136
2022-02-06 07:00:00+00:00,10452.86271325136
2022-02-06 08:00:00+00:00,10453.596819105982
2022-02-06 09:00:00+00:00,10453.584516105982
2022-02-06 10:00:00+00:00,10452.656300105982
2022-02-06 11:00:00+00:00,10452.522596105982
2022-02-06 12:00:00+00:00,10452.186963105982
2022-02-06 13:00:00+00:00,10452.876595105981
2022-02-06 14:00:00+00:00,10452.043580105981
2022-02-06 15:00:00+00:00,10452.361603105981
2022-02-06 16:00:00+00:00,10452.78931457263
2022-02-06 17:00:00+00:00,10452.543863572631
2022-02-06 18:00:00+00:00,10452.16039657263
2022-02-06 19:00:00+00:00,10452.714125572631
2022-02-06 20:00:00+00:00,10451.896312572631
2022-02-06 21:00:00+00:00,10452.030876572631
2022-02-06 22:00:00+00:00,10451.361687572631
2022-02-06 23:00:00+00:00,10453.23323157263
2022-02-07 00:00:00+00:00,10452.330782305817
2022-02-07 01:00:00+00:00,10452.753646154611
2022-02-07 02:00:00+00:00,10452.791986154612
2022-02-07 03:00:00+00:00,10452.017606154612
2022-02-07 04:00:00+00:00,10451.658976154613
2022-02-07 05:00:00+00:00,10451.696346154613
2022-02-07 06:00:00+00:00,10451.017026154612
2022-02-07 07:00:00+00:00,10449.940606154612
2022-02-07 08:00:00+00:00,10450.074441459861
2022-02-07 09:00:00+00:00,10449.715701459862
2022-02-07 10:00:00+00:00,10448.559801459862
2022-02-07 11:00:00+00:00,10447.946091459862
2022-02-07 12:00:00+00:00,10448.574161459861
2022-02-07 13:00:00+00:00,10449.462511459862
2022-02-07 14:00:00+00:00,10449.764071459862
2022-02-07 15:00:00+00:00,10449.673341459862
2022-02-07 16:00:00+00:00,10449.525119787419
2022-02-07 17:00:00+00:00,10449.329419787418
2022-02-07 18:00:00+00:00,10449.310499787418
2022-02-07 19:00:00+00:00,10449.212129787418
2022-02-07 20:00:00+00:00,10449.729439787418
2022-02-07 21:00:00+00:00,10449.600439787419
2022-02-07 22:00:00+00:00,10447.282689787418
2022-02-07 23:00:00+00:00,10447.275219787418
2022-02-08 00:00:00+00:00,10447.725734003348
2022-02-08 01:00:00+00:00,10449.158541956704
2022-02-08 02:00:00+00:00,10448.917161956704
2022-02-08 03:00:00+00:00,10449.408481956705
2022-02-08 04:00:00+00:00,10449.986241956703
2022-02-08 05:00:00+00:00,10451.020211956704
2022-02-08 06:00:00+00:00,10450.975731956703
2022-02-08 07:00:00+00:00,10451.142751956704
2022-02-08 08:00:00+00:00,10450.60954494164
2022-02-08 09:00:00+00:00,10450.29361494164
2022-02-08 10:00:00+00:00,10449.78848494164
2022-02-08 11:00:00+00:00,10449.824594941641
2022-02-08 12:00:00+00:00,10449.89542494164
2022-02-08 13:00:00+00:00,10449.96239494164
2022-02-08 14:00:00+00:00,10449.75033494164
2022-02-08 15:00:00+00:00,10449.714864941641
2022-02-08 16:00:00+00:00,10449.184537475197
2022-02-08 17:00:00+00:00,10448.976547475197
2022-02-08 18:00:00+00:00,10448.497247475198
2022-02-08 19:00:00+00:00,10448.742697475196
2022-02-08 20:00:00+00:00,10450.081277475198
2022-02-08 21:00:00+00:00,10449.811587475197
2022-02-08 22:00:00+00:00,10450.171507475197
2022-02-08 23:00:00+00:00,10450.393597475197
2022-02-09 00:00:00+00:00,10450.77661187503
2022-02-09 01:00:00+00:00,10450.822627755031
2022-02-09 02:00:00+00:00,10449.85476775503
2022-02-09 03:00:00+00:00,10450.07854775503
2022-02-09 04:00:00+00:00,10450.601987755032
2022-02-09 05:00:00+00:00,10450.643687755031
2022-02-09 06:00:00+00:00,10450.587007755032
2022-02-09 07:00:00+00:00,10450.52828775503
2022-02-09 08:00:00+00:00,10449.475461804752
2022-02-09 09:00:00+00:00,10449.558111804752
2022-02-09 10:00:00+00:00,10449.832971804752
2022-02-09 11:00:00+00:00,10449.867151804752
2022-02-09 12:00:00+00:00,10450.652311804752
2022-02-09 13:00:00+00:00,10450.48450180475
2022-02-09 14:00:00+00:00,10450.27742180475
2022-02-09 15:00:00+00:00,10449.83078180475
2022-02-09 16:00:00+00:00,10450.029824515403
2022-02-09 17:00:00+00:00,10449.870294515404
2022-02-09 18:00:00+00:00,10450.713264515403
2022-02-09 19:00:00+00:00,10450.806464515403
2022-02-09 20:00:00+00:00,10451.024874515404
2022-02-09 21:00:00+00:00,10450.740564515403
2022-02-09 22:00:00+00:00,10451.022914515403
2022-02-09 23:00:00+00:00,10450.150904515403
2022-02-10 00:00:00+00:00,10450.30863148928
2022-02-10 01:00:00+00:00,10450.25767713833
2022-02-10 02:00:00+00:00,10450.19521713833
2022-02-10 03:00:00+00:00,10450.22831713833
2022-02-10 04:00:00+00:00,10450.50629713833
2022-02-10 05:00:00+00:00,10450.45097713833
2022-02-10 06:00:00+00:00,10450.33963713833
2022-02-10 07:00:00+00:00,10450.14581713833
2022-02-10 08:00:00+00:00,10450.244731854324
2022-02-10 09:00:00+00:00,10450.396531854323
2022-02-10 10:00:00+00:00,10450.643551854324
2022-02-10 11:00:00+00:00,10450.497511854324
2022-02-10 12:00:00+00:00,10450.662011854323
2022-02-10 13:00:00+00:00,10450.863591854324
2022-02-10 14:00:00+00:00,10450.763131854324
2022-02-10 15:00:00+00:00,10450.697451854323
2022-02-10 16:00:00+00:00,10450.668382275206
2022-02-10 17:00:00+00:00,10450.773602275207
2022-02-10 18:00:00+00:00,10450.800582275206
2022-02-10 19:00:00+00:00,10450.947302275206
2022-02-10 20:00:00+00:00,10450.897902275206
2022-02-10 21:00:00+00:00,10450.902122275207
2022-02-10 22:00:00+00:00,10451.026462275206
2022-02-10 23:00:00+00:00,10450.847962275206
2022-02-11 00:00:00+00:00,10451.018739721203
2022-02-11 01:00:00+00:00,10451.011977557204
2022-02-11 02:00:00+00:00,10451.011977557204
2022-02-11 03:00:00+00:00,10451.011977557204
2022-02-11 04:00:00+00:00,10451.011977557204
2022-02-11 05:00:00+00:00,10451.011977557204
2022-02-11 06:00:00+00:00,10451.011977557204
2022-02-11 07:00:00+00:00,10451.011977557204
2022-02-11 08:00:00+00:00,10451.011977557204
2022-02-11 09:00:00+00:00,10451.011977557204
2022-02-11 10:00:00+00:00,10451.011977557204
2022-02-11 11:00:00+00:00,10451.011977557204
2022-02-11 12:00:00+00:00,10451.011977557204
2022-02-11 13:00:00+00:00,10451.011977557204
2022-02-11 14:00:00+00:00,10451.011977557204
2022-02-11 15:00:00+00:00,10451.011977557204
2022-02-11 16:00:00+00:00,10451.011977557204
2022-02-11 17:00:00+00:00,10451.011977557204
2022-02-11 18:00:00+00:00,10451.011977557204
2022-02-11 19:00:00+00:00,10451.011977557204
2022-02-11 20:00:00+00:00,10451.011977557204
2022-02-11 21:00:00+00:00,10451.011977557204
2022-02-11 22:00:00+00:00,10451.011977557204
2022-02-11 23:00:00+00:00,10451.011977557204
2022-02-12 00:00:00+00:00,10451.011977557204
2022-02-12 01:00:00+00:00,10451.011977557204
2022-02-12 02:00:00+00:00,10451.011977557204
2022-02-12 03:00:00+00:00,10451.011977557204
2022-02-12 04:00:00+00:00,10451.011977557204
2022-02-12 05:00:00+00:00,10451.011977557204
2022-02-12 06:00:00+00:00,10451.011977557204
2022-02-12 07:00:00+00:00,10451.011977557204
2022-02-12 08:00:00+00:00,10451.011977557204
2022-02-12 09:00:00+00:00,10451.011977557204
2022-02-12 10:00:00+00:00,10451.011977557204
2022-02-12 11:00:00+00:00,10451.011977557204
2022-02-12 12:00:00+00:00,10451.011977557204
2022-02-12 13:00:00+00:00,10451.011977557204
2022-02-12 14:00:00+00:00,10451.011977557204
2022-02-12 15:00:00+00:00,10451.011977557204
2022-02-12 16:00:00+00:00,10451.011977557204
2022-02-12 17:00:00+00:00,10451.011977557204
2022-02-12 18:00:00+00:00,10451.011977557204
2022-02-12 19:00:00+00:00,10451.011977557204
2022-02-12 20:00:00+00:00,10451.011977557204
2022-02-12 21:00:00+00:00,10451.011977557204
2022-02-12 22:00:00+00:00,10451.011977557204
2022-02-12 23:00:00+00:00,10451.011977557204
2022-02-13 00:00:00+00:00,10451.011977557204
2022-02-13 01:00:00+00:00,10451.011977557204
2022-02-13 02:00:00+00:00,10451.011977557204
2022-02-13 03:00:00+00:00,10451.011977557204
2022-02-13 04:00:00+00:00,10451.011977557204
2022-02-13 05:00:00+00:00,10451.011977557204
2022-02-13 06:00:00+00:00,10451.011977557204
2022-02-13 07:00:00+00:00,10451.011977557204
2022-02-13 08:00:00+00:00,10451.011977557204
2022-02-13 09:00:00+00:00,10451.011977557204
2022-02-13 10:00:00+00:00,10451.011977557204
2022-02-13 11:00:00+00:00,10451.011977557204
2022-02-13 12:00:00+00:00,10451.011977557204
2022-02-13 13:00:00+00:00,10451.011977557204
2022-02-13 14:00:00+00:00,10451.011977557204
2022-02-13 15:00:00+00:00,10451.011977557204
2022-02-13 16:00:00+00:00,10451.011977557204
2022-02-13 17:00:00+00:00,10451.011977557204
2022-02-13 18:00:00+00:00,10451.011977557204
2022-02-13 19:00:00+00:00,10451.011977557204
2022-02-13 20:00:00+00:00,10451.011977557204
2022-02-13 21:00:00+00:00,10451.011977557204
2022-02-13 22:00:00+00:00,10451.011977557204
2022-02-13 23:00:00+00:00,10451.011977557204
2022-02-14 00:00:00+00:00,10451.011977557204
2022-02-14 01:00:00+00:00,10451.011977557204
2022-02-14 02:00:00+00:00,10451.011977557204
2022-02-14 03:00:00+00:00,10451.011977557204
2022-02-14 04:00:00+00:00,10451.011977557204
2022-02-14 05:00:00+00:00,10451.011977557204
2022-02-14 06:00:00+00:00,10451.011977557204
2022-02-14 07:00:00+00:00,10451.011977557204
2022-02-14 08:00:00+00:00,10451.011977557204
2022-02-14 09:00:00+00:00,10451.011977557204
2022-02-14 10:00:00+00:00,10451.011977557204
2022-02-14 11:00:00+00:00,10451.011977557204
2022-02-14 12:00:00+00:00,10451.011977557204
2022-02-14 13:00:00+00:00,10451.011977557204
2022-02-14 14:00:00+00:00,10451.011977557204
2022-02-14 15:00:00+00:00,10451.011977557204
2022-02-14 16:00:00+00:00,10451.011977557204
2022-02-14 17:00:00+00:00,10451.011977557204
2022-02-14 18:00:00+00:00,10451.011977557204
2022-02-14 19:00:00+00:00,10451.011977557204
2022-02-14 20:00:00+00:00,10451.011977557204
2022-02-14 21:00:00+00:00,10451.011977557204
2022-02-14 22:00:00+00:00,10451.011977557204
2022-02-14 23:00:00+00:00,10451.011977557204
2022-02-15 00:00:00+00:00,10451.011977557204
2022-02-15 01:00:00+00:00,10451.011977557204
2022-02-15 02:00:00+00:00,10451.011977557204
2022-02-15 03:00:00+00:00,10451.011977557204
2022-02-15 04:00:00+00:00,10451.011977557204
2022-02-15 05:00:00+00:00,10451.011977557204
2022-02-15 06:00:00+00:00,10451.011977557204
2022-02-15 07:00:00+00:00,10451.011977557204
2022-02-15 08:00:00+00:00,10451.011977557204
2022-02-15 09:00:00+00:00,10451.011977557204
2022-02-15 10:00:00+00:00,10451.011977557204
2022-02-15 11:00:00+00:00,10451.011977557204
2022-02-15 12:00:00+00:00,10451.011977557204
2022-02-15 13:00:00+00:00,10451.011977557204
2022-02-15 14:00:00+00:00,10451.011977557204
2022-02-15 15:00:00+00:00,10451.011977557204
2022-02-15 16:00:00+00:00,10451.011977557204
2022-02-15 17:00:00+00:00,10451.011977557204
2022-02-15 18:00:00+00:00,10451.011977557204
2022-02-15 19:00:00+00:00,10451.011977557204
2022-02-15 20:00:00+00:00,10451.011977557204
2022-02-15 21:00:00+00:00,10451.011977557204
2022-02-15 22:00:00+00:00,10451.011977557204
2022-02-15 23:00:00+00:00,10451.011977557204
2022-02-16 00:00:00+00:00,10451.011977557204
2022-02-16 01:00:00+00:00,10451.011977557204
2022-02-16 02:00:00+00:00,10451.011977557204
2022-02-16 03:00:00+00:00,10451.011977557204
2022-02-16 04:00:00+00:00,10451.011977557204
2022-02-16 05:00:00+00:00,10451.011977557204
2022-02-16 06:00:00+00:00,10451.011977557204
2022-02-16 07:00:00+00:00,10451.011977557204
2022-02-16 08:00:00+00:00,10451.011977557204
2022-02-16 09:00:00+00:00,10451.011977557204
2022-02-16 10:00:00+00:00,10451.011977557204
2022-02-16 11:00:00+00:00,10451.011977557204
2022-02-16 12:00:00+00:00,10451.011977557204
2022-02-16 13:00:00+00:00,10451.011977557204
2022-02-16 14:00:00+00:00,10451.011977557204
2022-02-16 15:00:00+00:00,10451.011977557204
2022-02-16 16:00:00+00:00,10451.011977557204
2022-02-16 17:00:00+00:00,10451.011977557204
2022-02-16 18:00:00+00:00,10451.011977557204
2022-02-16 19:00:00+00:00,10451.011977557204
2022-02-16 20:00:00+00:00,10451.011977557204
2022-02-16 21:00:00+00:00,10451.011977557204
2022-02-16 22:00:00+00:00,10451.011977557204
2022-02-16 23:00:00+00:00,10451.011977557204
2022-02-17 00:00:00+00:00,10451.011977557204
2022-02-17 01:00:00+00:00,10451.011977557204
2022-02-17 02:00:00+00:00,10451.011977557204
2022-02-17 03:00:00+00:00,10451.011977557204
2022-02-17 04:00:00+00:00,10451.011977557204
2022-02-17 05:00:00+00:00,10451.011977557204
2022-02-17 06:00:00+00:00,10451.011977557204
2022-02-17 07:00:00+00:00,10451.011977557204
2022-02-17 08:00:00+00:00,10451.011977557204
2022-02-17 09:00:00+00:00,10451.011977557204
2022-02-17 10:00:00+00:00,10451.011977557204
2022-02-17 11:00:00+00:00,10451.011977557204
2022-02-17 12:00:00+00:00,10451.011977557204
2022-02-17 13:00:00+00:00,10451.011977557204
2022-02-17 14:00:00+00:00,10451.011977557204
2022-02-17 15:00:00+00:00,10451.011977557204
2022-02-17 16:00:00+00:00,10451.011977557204
2022-02-17 17:00:00+00:00,10451.011977557204
2022-02-17 18:00:00+00:00,10451.011977557204
2022-02-17 19:00:00+00:00,10451.011977557204
2022-02-17 20:00:00+00:00,10451.011977557204
2022-02-17 21:00:00+00:00,10451.011977557204
2022-02-17 22:00:00+00:00,10451.011977557204
2022-02-17 23:00:00+00:00,10451.011977557204
2022-02-18 00:00:00+00:00,10451.011977557204
2022-02-18 01:00:00+00:00,10451.011977557204
2022-02-18 02:00:00+00:00,10451.011977557204
2022-02-18 03:00:00+00:00,10451.011977557204
2022-02-18 04:00:00+00:00,10451.011977557204
2022-02-18 05:00:00+00:00,10451.011977557204
2022-02-18 06:00:00+00:00,10451.011977557204
2022-02-18 07:00:00+00:00,10451.011977557204
2022-02-18 08:00:00+00:00,10451.011977557204
2022-02-18 09:00:00+00:00,10451.011977557204
2022-02-18 10:00:00+00:00,10451.011977557204
2022-02-18 11:00:00+00:00,10451.011977557204
2022-02-18 12:00:00+00:00,10451.011977557204
2022-02-18 13:00:00+00:00,10451.011977557204
2022-02-18 14:00:00+00:00,10451.011977557204
2022-02-18 15:00:00+00:00,10451.011977557204
2022-02-18 16:00:00+00:00,10451.011977557204
2022-02-18 17:00:00+00:00,10451.011977557204
2022-02-18 18:00:00+00:00,10451.011977557204
2022-02-18 19:00:00+00:00,10451.011977557204
2022-02-18 20:00:00+00:00,10451.011977557204
2022-02-18 21:00:00+00:00,10451.011977557204
2022-02-18 22:00:00+00:00,10451.011977557204
2022-02-18 23:00:00+00:00,10451.011977557204
2022-02-19 00:00:00+00:00,10451.011977557204
2022-02-19 01:00:00+00:00,10451.201815147204
2022-02-19 02:00:00+00:00,10451.226575147204
2022-02-19 03:00:00+00:00,10451.388415147203
2022-02-19 04:00:00+00:00,10451.221645147203
2022-02-19 05:00:00+00:00,10451.052375147203
2022-02-19 06:00:00+00:00,10450.622035147204
2022-02-19 07:00:00+00:00,10450.777395147203
2022-02-19 08:00:00+00:00,10451.224552223885
2022-02-19 09:00:00+00:00,10451.428742223885
2022-02-19 10:00:00+00:00,10451.510622223885
2022-02-19 11:00:00+00:00,10452.246092223884
2022-02-19 12:00:00+00:00,10452.369022223884
2022-02-19 13:00:00+00:00,10451.892262223884
2022-02-19 14:00:00+00:00,10452.249432223884
2022-02-19 15:00:00+00:00,10452.008252223884
2022-02-19 16:00:00+00:00,10451.943185781813
2022-02-19 17:00:00+00:00,10451.662045781812
2022-02-19 18:00:00+00:00,10451.905765781812
2022-02-19 19:00:00+00:00,10452.206535781812
2022-02-19 20:00:00+00:00,10451.994975781812
2022-02-19 21:00:00+00:00,10452.111335781812
2022-02-19 22:00:00+00:00,10451.695165781812
2022-02-19 23:00:00+00:00,10451.495385781813
2022-02-20 00:00:00+00:00,10451.81297484367
2022-02-20 01:00:00+00:00,10451.54857324967
2022-02-20 02:00:00+00:00,10452.81379324967
2022-02-20 03:00:00+00:00,10452.82683324967
2022-02-20 04:00:00+00:00,10453.607753249671
2022-02-20 05:00:00+00:00,10454.53095324967
2022-02-20 06:00:00+00:00,10455.67958324967
2022-02-20 07:00:00+00:00,10455.229513249671
2022-02-20 08:00:00+00:00,10455.517917178717
2022-02-20 09:00:00+00:00,10454.933377178715
2022-02-20 10:00:00+00:00,10455.247637178716
2022-02-20 11:00:00+00:00,10454.839477178715
2022-02-20 12:00:00+00:00,10455.233607178716
2022-02-20 13:00:00+00:00,10455.551987178716
2022-02-20 14:00:00+00:00,10455.804797178716
2022-02-20 15:00:00+00:00,10455.338977178715
2022-02-20 16:00:00+00:00,10455.374778240608
2022-02-20 17:00:00+00:00,10455.305048240609
2022-02-20 18:00:00+00:00,10455.000748240609
2022-02-20 19:00:00+00:00,10455.348408240608
2022-02-20 20:00:00+00:00,10455.651898240609
2022-02-20 21:00:00+00:00,10456.197708240608
2022-02-20 22:00:00+00:00,10454.891588240609
2022-02-20 23:00:00+00:00,10455.69708824061
2022-02-21 00:00:00+00:00,10454.601756271017
2022-02-21 01:00:00+00:00,10453.449142286752
2022-02-21 02:00:00+00:00,10454.053004286752
2022-02-21 03:00:00+00:00,10454.627630286752
2022-02-21 04:00:00+00:00,10454.086798286753
2022-02-21 05:00:00+00:00,10454.458930286752
2022-02-21 06:00:00+00:00,10453.952596286752
2022-02-21 07:00:00+00:00,10451.828808286753
2022-02-21 08:00:00+00:00,10455.204534838898
2022-02-21 09:00:00+00:00,10454.891452838898
2022-02-21 10:00:00+00:00,10456.0526608389
2022-02-21 11:00:00+00:00,10458.274488838899
2022-02-21 12:00:00+00:00,10458.441646838899
2022-02-21 13:00:00+00:00,10457.192444838898
2022-02-21 14:00:00+00:00,10454.357486838899
2022-02-21 15:00:00+00:00,10454.649150838899
2022-02-21 16:00:00+00:00,10454.661488026593
2022-02-21 17:00:00+00:00,10455.388344026594
2022-02-21 18:00:00+00:00,10456.121158026594
2022-02-21 19:00:00+00:00,10454.076960026594
2022-02-21 20:00:00+00:00,10453.672154026593
2022-02-21 21:00:00+00:00,10454.912136026594
2022-02-21 22:00:00+00:00,10455.430660026594
2022-02-21 23:00:00+00:00,10455.724530026593
2022-02-22 00:00:00+00:00,10455.852721884346
2022-02-22 01:00:00+00:00,10456.146402803219
2022-02-22 02:00:00+00:00,10454.027222803217
2022-02-22 03:00:00+00:00,10453.049902803217
2022-02-22 04:00:00+00:00,10452.005032803218
2022-02-22 05:00:00+00:00,10450.186282803217
2022-02-22 06:00:00+00:00,10449.431342803218
2022-02-22 07:00:00+00:00,10449.832772803218
2022-02-22 08:00:00+00:00,10446.664182150242
2022-02-22 09:00:00+00:00,10444.359512150242
2022-02-22 10:00:00+00:00,10446.937982150243
2022-02-22 11:00:00+00:00,10443.836062150242
2022-02-22 12:00:00+00:00,10442.259812150243
2022-02-22 13:00:00+00:00,10441.717172150242
2022-02-22 14:00:00+00:00,10438.028322150243
2022-02-22 15:00:00+00:00,10441.392592150243
2022-02-22 16:00:00+00:00,10443.790724009408
2022-02-22 17:00:00+00:00,10448.082984009408
2022-02-22 18:00:00+00:00,10445.78449400941
2022-02-22 19:00:00+00:00,10445.826354009409
2022-02-22 20:00:00+00:00,10440.667234009408
2022-02-22 21:00:00+00:00,10447.02102400941
2022-02-22 22:00:00+00:00,10447.954124009408
2022-02-22 23:00:00+00:00,10446.257554009408
2022-02-23 00:00:00+00:00,10443.35781797403
2022-02-23 01:00:00+00:00,10442.990010094412
2022-02-23 02:00:00+00:00,10434.405535094413
2022-02-23 03:00:00+00:00,10432.182626094413
2022-02-23 04:00:00+00:00,10423.801724094414
2022-02-23 05:00:00+00:00,10415.822650094413
2022-02-23 06:00:00+00:00,10426.222866094413
2022-02-23 07:00:00+00:00,10408.586799094413
2022-02-23 08:00:00+00:00,10413.534551409142
2022-02-23 09:00:00+00:00,10424.612455409142
2022-02-23 10:00:00+00:00,10418.216890409141
2022-02-23 11:00:00+00:00,10428.991982409141
2022-02-23 12:00:00+00:00,10423.801978409141
2022-02-23 13:00:00+00:00,10424.50884140914
2022-02-23 14:00:00+00:00,10430.589891409141
2022-02-23 15:00:00+00:00,10438.468353409142
2022-02-23 16:00:00+00:00,10412.600044039447
2022-02-23 17:00:00+00:00,10414.572261039448
2022-02-23 18:00:00+00:00,10414.695611039448
2022-02-23 19:00:00+00:00,10420.112120039446
2022-02-23 20:00:00+00:00,10418.077363039447
2022-02-23 21:00:00+00:00,10427.297465039446
2022-02-23 22:00:00+00:00,10423.035179039447
2022-02-23 23:00:00+00:00,10448.901906039448
2022-02-24 00:00:00+00:00,10472.766610553059
2022-02-24 01:00:00+00:00,10461.973120719906
2022-02-24 02:00:00+00:00,10474.777955719906
2022-02-24 03:00:00+00:00,10493.740408719907
2022-02-24 04:00:00+00:00,10490.350848719907
2022-02-24 05:00:00+00:00,10531.306222719906
2022-02-24 06:00:00+00:00,10537.754691719907
2022-02-24 07:00:00+00:00,10534.571948719906
2022-02-24 08:00:00+00:00,10531.537157439958
2022-02-24 09:00:00+00:00,10543.353205439957
2022-02-24 10:00:00+00:00,10529.177760439958
2022-02-24 11:00:00+00:00,10521.022300439958
2022-02-24 12:00:00+00:00,10507.637929439958
2022-02-24 13:00:00+00:00,10491.498518439957
2022-02-24 14:00:00+00:00,10479.147883439957
2022-02-24 15:00:00+00:00,10455.218870439958
2022-02-24 16:00:00+00:00,10446.039066037687
2022-02-24 17:00:00+00:00,10464.361291037687
2022-02-24 18:00:00+00:00,10448.338461037687
2022-02-24 19:00:00+00:00,10444.018004037687
2022-02-24 20:00:00+00:00,10419.437238037686
2022-02-24 21:00:00+00:00,10417.186466174391
2022-02-24 22:00:00+00:00,10422.356875174391
2022-02-24 23:00:00+00:00,10419.75843817439
2022-02-25 00:00:00+00:00,10415.490918222353
2022-02-25 01:00:00+00:00,10410.594450772698
2022-02-25 02:00:00+00:00,10408.178109772698
2022-02-25 03:00:00+00:00,10420.225309772699
2022-02-25 04:00:00+00:00,10416.204795772699
2022-02-25 05:00:00+00:00,10422.8485327727
2022-02-25 06:00:00+00:00,10416.539876772698
2022-02-25 07:00:00+00:00,10415.858503772699
2022-02-25 08:00:00+00:00,10410.304646899596
2022-02-25 09:00:00+00:00,10395.376914899596
2022-02-25 10:00:00+00:00,10398.252718899595
2022-02-25 11:00:00+00:00,10391.468620899595
2022-02-25 12:00:00+00:00,10392.459346899595
2022-02-25 13:00:00+00:00,10375.804532899596
2022-02-25 14:00:00+00:00,10370.981337899595
2022-02-25 15:00:00+00:00,10355.322749899595
2022-02-25 16:00:00+00:00,10342.526797767463
2022-02-25 17:00:00+00:00,10345.312729767462
2022-02-25 18:00:00+00:00,10359.089230767462
2022-02-25 19:00:00+00:00,10360.648861767462
2022-02-25 20:00:00+00:00,10344.792175767463
2022-02-25 21:00:00+00:00,10337.925279767464
2022-02-25 22:00:00+00:00,10332.562197767462
2022-02-25 23:00:00+00:00,10064.617353067457
2022-02-26 00:00:00+00:00,10057.95540522906
2022-02-26 01:00:00+00:00,10069.29606360512
2022-02-26 02:00:00+00:00,10070.48059860512
2022-02-26 03:00:00+00:00,10066.463873605118
2022-02-26 04:00:00+00:00,10063.15410160512
2022-02-26 05:00:00+00:00,10071.59551360512
2022-02-26 06:00:00+00:00,10070.727397605118
2022-02-26 07:00:00+00:00,10061.16279460512
2022-02-26 08:00:00+00:00,10077.549006153922
2022-02-26 09:00:00+00:00,10066.790878153923
2022-02-26 10:00:00+00:00,10056.652403153921
2022-02-26 11:00:00+00:00,10065.487301153922
2022-02-26 12:00:00+00:00,10061.949933153923
2022-02-26 13:00:00+00:00,10054.904477153921
2022-02-26 14:00:00+00:00,10055.232147153922
2022-02-26 15:00:00+00:00,10055.895594153923
2022-02-26 16:00:00+00:00,10059.853896093908
2022-02-26 17:00:00+00:00,10060.057273093907
2022-02-26 18:00:00+00:00,10066.786882093907
2022-02-26 19:00:00+00:00,10075.975815093909
2022-02-26 20:00:00+00:00,10070.992294093909
2022-02-26 21:00:00+00:00,10070.240272093908
2022-02-26 22:00:00+00:00,10069.087496093907
2022-02-26 23:00:00+00:00,10073.209952093908
2022-02-27 00:00:00+00:00,10086.957108244786
2022-02-27 01:00:00+00:00,10089.236667784784
2022-02-27 02:00:00+00:00,10081.523989784784
2022-02-27 03:00:00+00:00,10084.900299784784
2022-02-27 04:00:00+00:00,10083.806847784785
2022-02-27 05:00:00+00:00,10080.382429784784
2022-02-27 06:00:00+00:00,10072.646107784783
2022-02-27 07:00:00+00:00,10067.716467784785
2022-02-27 08:00:00+00:00,10072.213597967431
2022-02-27 09:00:00+00:00,10068.312256967432
2022-02-27 10:00:00+00:00,10052.570495967431
2022-02-27 11:00:00+00:00,10042.600483967432
2022-02-27 12:00:00+00:00,10044.734616967431
2022-02-27 13:00:00+00:00,10049.81052696743
2022-02-27 14:00:00+00:00,10046.721566967431
2022-02-27 15:00:00+00:00,10035.233682967431
2022-02-27 16:00:00+00:00,10048.527637432071
2022-02-27 17:00:00+00:00,10056.794025432071
2022-02-27 18:00:00+00:00,10064.06363343207
2022-02-27 19:00:00+00:00,10068.91622343207
2022-02-27 20:00:00+00:00,10068.51965543207
2022-02-27 21:00:00+00:00,10078.07844443207
2022-02-27 22:00:00+00:00,10079.04559543207
2022-02-27 23:00:00+00:00,10091.09414443207
2022-02-28 00:00:00+00:00,10095.86359397341
2022-02-28 01:00:00+00:00,10083.93182540964
2022-02-28 02:00:00+00:00,10087.113912409639
2022-02-28 03:00:00+00:00,10077.094358409639
2022-02-28 04:00:00+00:00,10080.810808409638
2022-02-28 05:00:00+00:00,10081.873857409639
2022-02-28 06:00:00+00:00,10080.662037409638
2022-02-28 07:00:00+00:00,10083.79507340964
2022-02-28 08:00:00+00:00,10073.372208683999
2022-02-28 09:00:00+00:00,10074.258917684
2022-02-28 10:00:00+00:00,10072.572324683999
2022-02-28 11:00:00+00:00,10067.971544684
2022-02-28 12:00:00+00:00,10066.837153683999
2022-02-28 13:00:00+00:00,10071.840482684
2022-02-28 14:00:00+00:00,10067.404780683999
2022-02-28 15:00:00+00:00,10070.812419684
2022-02-28 16:00:00+00:00,10062.609941191466
2022-02-28 17:00:00+00:00,10067.122300191466
2022-02-28 18:00:00+00:00,10065.567139191466
2022-02-28 19:00:00+00:00,10066.327227191465
2022-02-28 20:00:00+00:00,10070.126292191466
2022-02-28 21:00:00+00:00,10070.732050191466
2022-02-28 22:00:00+00:00,10064.881728191465
2022-02-28 23:00:00+00:00,10069.046629191465
2022-03-01 00:00:00+00:00,10095.999575101032
2022-03-01 01:00:00+00:00,10104.869899688938
2022-03-01 02:00:00+00:00,10106.380109688938
2022-03-01 03:00:00+00:00,10106.611929688937
2022-03-01 04:00:00+00:00,10104.919769688939
2022-03-01 05:00:00+00:00,10111.889849688938
2022-03-01 06:00:00+00:00,10108.763489688938
2022-03-01 07:00:00+00:00,10107.046339688937
2022-03-01 08:00:00+00:00,10102.465956269214
2022-03-01 09:00:00+00:00,10109.210666269213
2022-03-01 10:00:00+00:00,10112.518806269214
2022-03-01 11:00:00+00:00,10110.081276269215
2022-03-01 12:00:00+00:00,10111.764616269214
2022-03-01 13:00:00+00:00,10113.764636269214
2022-03-01 14:00:00+00:00,10108.460626269214
2022-03-01 15:00:00+00:00,10101.387116269214
2022-03-01 16:00:00+00:00,10102.166867687078
2022-03-01 17:00:00+00:00,10106.113407687079
2022-03-01 18:00:00+00:00,10107.851517687079
2022-03-01 19:00:00+00:00,10102.238317687079
2022-03-01 20:00:00+00:00,10107.114067687078
2022-03-01 21:00:00+00:00,10103.252477687078
2022-03-01 22:00:00+00:00,10110.708867687079
2022-03-01 23:00:00+00:00,10108.580517687078
2022-03-02 00:00:00+00:00,10104.511786433857
2022-03-02 01:00:00+00:00,10107.844985613156
2022-03-02 02:00:00+00:00,10111.367871613156
2022-03-02 03:00:00+00:00,10111.959339613155
2022-03-02 04:00:00+00:00,10111.714037613156
2022-03-02 05:00:00+00:00,10108.201581613155
2022-03-02 06:00:00+00:00,10106.490729613155
2022-03-02 07:00:00+00:00,10106.811389613156
2022-03-02 08:00:00+00:00,10105.778046880723
2022-03-02 09:00:00+00:00,10106.304900880723
2022-03-02 10:00:00+00:00,10107.089082880722
2022-03-02 11:00:00+00:00,10109.117774880722
2022-03-02 12:00:00+00:00,10109.462384880722
2022-03-02 13:00:00+00:00,10111.477468880723
2022-03-02 14:00:00+00:00,10118.638552880722
2022-03-02 15:00:00+00:00,10123.863286880724
2022-03-02 16:00:00+00:00,10119.696248051436
2022-03-02 17:00:00+00:00,10120.978058051436
2022-03-02 18:00:00+00:00,10122.167626051436
2022-03-02 19:00:00+00:00,10120.731912051437
2022-03-02 20:00:00+00:00,10120.466664051435
2022-03-02 21:00:00+00:00,10124.634110051436
2022-03-02 22:00:00+00:00,10123.132060051435
2022-03-02 23:00:00+00:00,10125.852692051436
2022-03-03 00:00:00+00:00,10124.548331361819
2022-03-03 01:00:00+00:00,10120.4692738129
2022-03-03 02:00:00+00:00,10123.5150438129
2022-03-03 03:00:00+00:00,10121.8369138129
2022-03-03 04:00:00+00:00,10124.549743812899
2022-03-03 05:00:00+00:00,10123.501053812899
2022-03-03 06:00:00+00:00,10120.9199438129
2022-03-03 07:00:00+00:00,10121.240693812899
2022-03-03 08:00:00+00:00,10123.442515283432
2022-03-03 09:00:00+00:00,10123.42823528343
2022-03-03 10:00:00+00:00,10123.599485283432
2022-03-03 11:00:00+00:00,10123.82000528343
2022-03-03 12:00:00+00:00,10124.21142528343
2022-03-03 13:00:00+00:00,10127.24245528343
2022-03-03 14:00:00+00:00,10130.251655283431
2022-03-03 15:00:00+00:00,10136.227455283431
2022-03-03 16:00:00+00:00,10134.104496420805
2022-03-03 17:00:00+00:00,10133.237616420805
2022-03-03 18:00:00+00:00,10133.709276420805
2022-03-03 19:00:00+00:00,10135.294056420804
2022-03-03 20:00:00+00:00,10132.394816420805
2022-03-03 21:00:00+00:00,10133.297316420805
2022-03-03 22:00:00+00:00,10132.302966420804
2022-03-03 23:00:00+00:00,10132.282536420804
2022-03-04 00:00:00+00:00,10130.42278767561
2022-03-04 01:00:00+00:00,10127.7538452867
2022-03-04 02:00:00+00:00,10129.9022612867
2022-03-04 03:00:00+00:00,10131.9655262867
2022-03-04 04:00:00+00:00,10134.7095672867
2022-03-04 05:00:00+00:00,10134.8125132867
2022-03-04 06:00:00+00:00,10133.1376232867
2022-03-04 07:00:00+00:00,10133.1434042867
2022-03-04 08:00:00+00:00,10132.90389194907
2022-03-04 09:00:00+00:00,10135.447695949071
2022-03-04 10:00:00+00:00,10137.59365394907
2022-03-04 11:00:00+00:00,10135.84514794907
2022-03-04 12:00:00+00:00,10138.89381094907
2022-03-04 13:00:00+00:00,10139.89739194907
2022-03-04 14:00:00+00:00,10144.559659949071
2022-03-04 15:00:00+00:00,10147.02098694907
2022-03-04 16:00:00+00:00,10146.12902138792
2022-03-04 17:00:00+00:00,10144.36530338792
2022-03-04 18:00:00+00:00,10145.86954238792
2022-03-04 19:00:00+00:00,10148.42701038792
2022-03-04 20:00:00+00:00,10146.97988938792
2022-03-04 21:00:00+00:00,10143.92405738792
2022-03-04 22:00:00+00:00,10144.297353387921
2022-03-04 23:00:00+00:00,10142.04647938792
2022-03-05 00:00:00+00:00,10139.614658836657
2022-03-05 01:00:00+00:00,10138.731766488658
2022-03-05 02:00:00+00:00,10138.154226488658
2022-03-05 03:00:00+00:00,10137.359716488658
2022-03-05 04:00:00+00:00,10137.027806488657
2022-03-05 05:00:00+00:00,10136.535606488658
2022-03-05 06:00:00+00:00,10136.101836488657
2022-03-05 07:00:00+00:00,10136.340226488657
2022-03-05 08:00:00+00:00,10136.412498949636
2022-03-05 09:00:00+00:00,10136.784898949636
2022-03-05 10:00:00+00:00,10136.995828949635
2022-03-05 11:00:00+00:00,10137.061988949636
2022-03-05 12:00:00+00:00,10136.565358949636
2022-03-05 13:00:00+00:00,10137.952348949635
2022-03-05 14:00:00+00:00,10138.307548949635
2022-03-05 15:00:00+00:00,10138.032278949637
2022-03-05 16:00:00+00:00,10137.22474040719
2022-03-05 17:00:00+00:00,10137.333200407189
2022-03-05 18:00:00+00:00,10137.222390407189
2022-03-05 19:00:00+00:00,10137.20644040719
2022-03-05 20:00:00+00:00,10136.71674040719
2022-03-05 21:00:00+00:00,10137.753430407189
2022-03-05 22:00:00+00:00,10137.35011040719
2022-03-05 23:00:00+00:00,10138.524110407188
2022-03-06 00:00:00+00:00,10139.1724675009
2022-03-06 01:00:00+00:00,10138.409517266336
2022-03-06 02:00:00+00:00,10138.370597266336
2022-03-06 03:00:00+00:00,10138.095587266336
2022-03-06 04:00:00+00:00,10138.307017266336
2022-03-06 05:00:00+00:00,10138.269157266335
2022-03-06 06:00:00+00:00,10138.890107266336
2022-03-06 07:00:00+00:00,10138.497197266337
2022-03-06 08:00:00+00:00,10138.903949409185
2022-03-06 09:00:00+00:00,10138.612689409185
2022-03-06 10:00:00+00:00,10137.415829409185
2022-03-06 11:00:00+00:00,10137.766489409185
2022-03-06 12:00:00+00:00,10137.765589409186
2022-03-06 13:00:00+00:00,10138.022249409185
2022-03-06 14:00:00+00:00,10138.228119409185
2022-03-06 15:00:00+00:00,10138.468889409185
2022-03-06 16:00:00+00:00,10139.013858083092
2022-03-06 17:00:00+00:00,10137.647168083091
2022-03-06 18:00:00+00:00,10137.409368083092
2022-03-06 19:00:00+00:00,10137.073638083091
2022-03-06 20:00:00+00:00,10136.843438083091
2022-03-06 21:00:00+00:00,10136.877268083092
2022-03-06 22:00:00+00:00,10136.746448083091
2022-03-06 23:00:00+00:00,10136.780968083092
2022-03-07 00:00:00+00:00,10137.284171917194
2022-03-07 01:00:00+00:00,10135.889731977191
2022-03-07 02:00:00+00:00,10133.78931197719
2022-03-07 03:00:00+00:00,10133.59845197719
2022-03-07 04:00:00+00:00,10133.94313197719
2022-03-07 05:00:00+00:00,10134.55597197719
2022-03-07 06:00:00+00:00,10135.262641977191
2022-03-07 07:00:00+00:00,10134.02557197719
2022-03-07 08:00:00+00:00,10135.388664441842
2022-03-07 09:00:00+00:00,10134.609954441841
2022-03-07 10:00:00+00:00,10134.385714441842
2022-03-07 11:00:00+00:00,10135.008234441842
2022-03-07 12:00:00+00:00,10136.456154441841
2022-03-07 13:00:00+00:00,10138.384944441841
2022-03-07 14:00:00+00:00,10137.483394441842
2022-03-07 15:00:00+00:00,10138.111604441841
2022-03-07 16:00:00+00:00,10137.318665198996
2022-03-07 17:00:00+00:00,10136.815665198996
2022-03-07 18:00:00+00:00,10135.303715198997
2022-03-07 19:00:00+00:00,10132.048795198996
2022-03-07 20:00:00+00:00,10133.393955198997
2022-03-07 21:00:00+00:00,10134.137795198996
2022-03-07 22:00:00+00:00,10135.080805198997
2022-03-07 23:00:00+00:00,10134.716915198997
2022-03-08 00:00:00+00:00,10136.020758424218
2022-03-08 01:00:00+00:00,10135.913648570218
2022-03-08 02:00:00+00:00,10136.047348570219
2022-03-08 03:00:00+00:00,10136.010948570218
2022-03-08 04:00:00+00:00,10135.944448570219
2022-03-08 05:00:00+00:00,10135.898248570218
2022-03-08 06:00:00+00:00,10135.778548570219
2022-03-08 07:00:00+00:00,10135.936748570219
2022-03-08 08:00:00+00:00,10136.118098092382
2022-03-08 09:00:00+00:00,10136.270698092381
2022-03-08 10:00:00+00:00,10136.35049809238
2022-03-08 11:00:00+00:00,10136.253898092382
2022-03-08 12:00:00+00:00,10136.17199809238
2022-03-08 13:00:00+00:00,10136.160798092382
2022-03-08 14:00:00+00:00,10136.096398092383
2022-03-08 15:00:00+00:00,10136.055098092382
2022-03-08 16:00:00+00:00,10135.862713714976
2022-03-08 17:00:00+00:00,10136.118913714976
2022-03-08 18:00:00+00:00,10136.100713714975
2022-03-08 19:00:00+00:00,10136.122413714975
2022-03-08 20:00:00+00:00,10135.917313714976
2022-03-08 21:00:00+00:00,10135.820713714975
2022-03-08 22:00:00+00:00,10135.866213714975
2022-03-08 23:00:00+00:00,10135.934113714975
2022-03-09 00:00:00+00:00,10136.098078456309
2022-03-09 01:00:00+00:00,10136.328378456308
2022-03-09 02:00:00+00:00,10136.467678456309
2022-03-09 03:00:00+00:00,10137.175378456308
2022-03-09 04:00:00+00:00,10137.117978456308
2022-03-09 05:00:00+00:00,10136.981478456308
2022-03-09 06:00:00+00:00,10136.92057845631
2022-03-09 07:00:00+00:00,10136.968178456309
2022-03-09 08:00:00+00:00,10136.892951683969
2022-03-09 09:00:00+00:00,10136.807551683969
2022-03-09 10:00:00+00:00,10136.99725168397
2022-03-09 11:00:00+00:00,10136.953151683969
2022-03-09 12:00:00+00:00,10136.93355168397
2022-03-09 13:00:00+00:00,10136.92865168397
2022-03-09 14:00:00+00:00,10136.97905168397
2022-03-09 15:00:00+00:00,10137.088251683968
2022-03-09 16:00:00+00:00,10136.907651683969
2022-03-09 17:00:00+00:00,10136.915351683969
2022-03-09 18:00:00+00:00,10136.849551683968
2022-03-09 19:00:00+00:00,10136.84815168397
2022-03-09 20:00:00+00:00,10136.68505168397
2022-03-09 21:00:00+00:00,10136.66265168397
2022-03-09 22:00:00+00:00,10136.684351683969
2022-03-09 23:00:00+00:00,10136.782351683969
2022-03-10 00:00:00+00:00,10136.81385168397
2022-03-10 01:00:00+00:00,10136.016653191971
2022-03-10 02:00:00+00:00,10135.83963319197
2022-03-10 03:00:00+00:00,10135.84281319197
2022-03-10 04:00:00+00:00,10134.56126319197
2022-03-10 05:00:00+00:00,10134.23434319197
2022-03-10 06:00:00+00:00,10134.44450319197
2022-03-10 07:00:00+00:00,10134.529473191971
2022-03-10 08:00:00+00:00,10134.443781670188
2022-03-10 09:00:00+00:00,10134.348061670187
2022-03-10 10:00:00+00:00,10134.293101670188
2022-03-10 11:00:00+00:00,10134.248101670188
2022-03-10 12:00:00+00:00,10134.214391670188
2022-03-10 13:00:00+00:00,10133.628331670188
2022-03-10 14:00:00+00:00,10133.689981670188
2022-03-10 15:00:00+00:00,10133.410831670188
2022-03-10 16:00:00+00:00,10133.52844765556
2022-03-10 17:00:00+00:00,10133.57510765556
2022-03-10 18:00:00+00:00,10133.663857655562
2022-03-10 19:00:00+00:00,10133.99317765556
2022-03-10 20:00:00+00:00,10134.268697655561
2022-03-10 21:00:00+00:00,10134.029857655561
2022-03-10 22:00:00+00:00,10134.29659765556
2022-03-10 23:00:00+00:00,10134.108867655561
2022-03-11 00:00:00+00:00,10134.000278362515
2022-03-11 01:00:00+00:00,10133.640758362515
2022-03-11 02:00:00+00:00,10133.465028362516
2022-03-11 03:00:00+00:00,10133.856338362515
2022-03-11 04:00:00+00:00,10133.470898362515
2022-03-11 05:00:00+00:00,10134.055228362515
2022-03-11 06:00:00+00:00,10134.240208362515
2022-03-11 07:00:00+00:00,10134.330048362515
2022-03-11 08:00:00+00:00,10134.078410547616
2022-03-11 09:00:00+00:00,10134.102190547615
2022-03-11 10:00:00+00:00,10134.063440547616
2022-03-11 11:00:00+00:00,10134.704570547616
2022-03-11 12:00:00+00:00,10134.656360547615
2022-03-11 13:00:00+00:00,10134.324460547616
2022-03-11 14:00:00+00:00,10134.209240547616
2022-03-11 15:00:00+00:00,10133.955040547615
2022-03-11 16:00:00+00:00,10133.727139140536
2022-03-11 17:00:00+00:00,10133.817629140536
2022-03-11 18:00:00+00:00,10133.599269140535
2022-03-11 19:00:00+00:00,10133.812819140536
2022-03-11 20:00:00+00:00,10134.275369140536
2022-03-11 21:00:00+00:00,10135.549569140536
2022-03-11 22:00:00+00:00,10135.478929140536
2022-03-11 23:00:00+00:00,10135.301929140536
2022-03-12 00:00:00+00:00,10136.034139636842
2022-03-12 01:00:00+00:00,10136.568589636841
2022-03-12 02:00:00+00:00,10136.114959636841
2022-03-12 03:00:00+00:00,10135.79347963684
2022-03-12 04:00:00+00:00,10135.809709636842
2022-03-12 05:00:00+00:00,10135.847289636842
2022-03-12 06:00:00+00:00,10135.457999636841
2022-03-12 07:00:00+00:00,10135.516319636841
2022-03-12 08:00:00+00:00,10135.273620049318
2022-03-12 09:00:00+00:00,10135.527840049319
2022-03-12 10:00:00+00:00,10135.58837004932
2022-03-12 11:00:00+00:00,10135.27200004932
2022-03-12 12:00:00+00:00,10135.509050049319
2022-03-12 13:00:00+00:00,10135.328700049318
2022-03-12 14:00:00+00:00,10135.280070049319
2022-03-12 15:00:00+00:00,10135.473620049319
2022-03-12 16:00:00+00:00,10135.535596284104
2022-03-12 17:00:00+00:00,10135.430696284104
2022-03-12 18:00:00+00:00,10135.464776284103
2022-03-12 19:00:00+00:00,10135.425966284103
2022-03-12 20:00:00+00:00,10135.603676284105
2022-03-12 21:00:00+00:00,10135.272156284103
2022-03-12 22:00:00+00:00,10135.376246284104
2022-03-12 23:00:00+00:00,10135.029406284104
2022-03-13 00:00:00+00:00,10135.146646719537
2022-03-13 01:00:00+00:00,10135.259994029535
2022-03-13 02:00:00+00:00,10135.308294029535
2022-03-13 03:00:00+00:00,10135.344694029534
2022-03-13 04:00:00+00:00,10135.278194029535
2022-03-13 05:00:00+00:00,10135.279594029535
2022-03-13 06:00:00+00:00,10135.294994029535
2022-03-13 07:00:00+00:00,10135.243194029536
2022-03-13 08:00:00+00:00,10135.069591223202
2022-03-13 09:00:00+00:00,10135.011491223204
2022-03-13 10:00:00+00:00,10135.059791223202
2022-03-13 11:00:00+00:00,10134.984891223203
2022-03-13 12:00:00+00:00,10134.821791223203
2022-03-13 13:00:00+00:00,10134.996091223204
2022-03-13 14:00:00+00:00,10134.969491223203
2022-03-13 15:00:00+00:00,10134.975091223203
2022-03-13 16:00:00+00:00,10135.033171308482
2022-03-13 17:00:00+00:00,10135.041571308482
2022-03-13 18:00:00+00:00,10135.129771308482
2022-03-13 19:00:00+00:00,10134.998171308482
2022-03-13 20:00:00+00:00,10134.900171308482
2022-03-13 21:00:00+00:00,10134.961771308483
2022-03-13 22:00:00+00:00,10134.354871308482
2022-03-13 23:00:00+00:00,10134.307271308482
2022-03-14 00:00:00+00:00,10134.404503031172
2022-03-14 01:00:00+00:00,10134.494103031171
2022-03-14 02:00:00+00:00,10134.505303031172
2022-03-14 03:00:00+00:00,10134.573903031172
2022-03-14 04:00:00+00:00,10134.830103031172
2022-03-14 05:00:00+00:00,10134.753803031172
2022-03-14 06:00:00+00:00,10134.793703031171
2022-03-14 07:00:00+00:00,10134.896603031171
2022-03-14 08:00:00+00:00,10134.942717303726
2022-03-14 09:00:00+00:00,10134.937817303726
2022-03-14 10:00:00+00:00,10134.908417303726
2022-03-14 11:00:00+00:00,10134.825117303726
2022-03-14 12:00:00+00:00,10134.786617303727
2022-03-14 13:00:00+00:00,10134.832817303726
2022-03-14 14:00:00+00:00,10134.879717303727
2022-03-14 15:00:00+00:00,10134.806217303727
2022-03-14 16:00:00+00:00,10134.735517303727
2022-03-14 17:00:00+00:00,10134.653617303726
2022-03-14 18:00:00+00:00,10134.599717303727
2022-03-14 19:00:00+00:00,10134.627017303726
2022-03-14 20:00:00+00:00,10134.587817303727
2022-03-14 21:00:00+00:00,10134.662717303727
2022-03-14 22:00:00+00:00,10134.892317303727
2022-03-14 23:00:00+00:00,10135.169517303726
2022-03-15 00:00:00+00:00,10135.131017303727
2022-03-15 01:00:00+00:00,10134.803417303727
2022-03-15 02:00:00+00:00,10134.838417303727
2022-03-15 03:00:00+00:00,10134.723617303727
2022-03-15 04:00:00+00:00,10134.708917303726
2022-03-15 05:00:00+00:00,10134.685817303727
2022-03-15 06:00:00+00:00,10134.683017303727
2022-03-15 07:00:00+00:00,10134.520617303726
2022-03-15 08:00:00+00:00,10134.473749983867
2022-03-15 09:00:00+00:00,10134.537449983867
2022-03-15 10:00:00+00:00,10134.606749983866
2022-03-15 11:00:00+00:00,10134.594149983868
2022-03-15 12:00:00+00:00,10134.703349983867
2022-03-15 13:00:00+00:00,10134.619349983866
2022-03-15 14:00:00+00:00,10134.791549983867
2022-03-15 15:00:00+00:00,10134.824449983867
2022-03-15 16:00:00+00:00,10134.961672714342
2022-03-15 17:00:00+00:00,10134.991072714341
2022-03-15 18:00:00+00:00,10135.072972714343
2022-03-15 19:00:00+00:00,10135.168172714342
2022-03-15 20:00:00+00:00,10135.042172714342
2022-03-15 21:00:00+00:00,10135.141572714343
2022-03-15 22:00:00+00:00,10135.074372714342
2022-03-15 23:00:00+00:00,10135.051972714342
2022-03-16 00:00:00+00:00,10135.014872714342
2022-03-16 01:00:00+00:00,10135.224872714343
2022-03-16 02:00:00+00:00,10135.595872714342
2022-03-16 03:00:00+00:00,10134.975672714343
2022-03-16 04:00:00+00:00,10134.869272714343
2022-03-16 05:00:00+00:00,10134.943472714342
2022-03-16 06:00:00+00:00,10135.154172714343
2022-03-16 07:00:00+00:00,10135.110072714342
2022-03-16 08:00:00+00:00,10135.426472714342
2022-03-16 09:00:00+00:00,10135.486672714342
2022-03-16 10:00:00+00:00,10135.436272714342
2022-03-16 11:00:00+00:00,10135.467072714342
2022-03-16 12:00:00+00:00,10135.349472714342
2022-03-16 13:00:00+00:00,10135.453772714342
2022-03-16 14:00:00+00:00,10135.587472714342
2022-03-16 15:00:00+00:00,10135.530772714343
2022-03-16 16:00:00+00:00,10135.400572714343
2022-03-16 17:00:00+00:00,10135.469872714342
2022-03-16 18:00:00+00:00,10135.373972714342
2022-03-16 19:00:00+00:00,10135.863972714342
2022-03-16 20:00:00+00:00,10136.051572714343
2022-03-16 21:00:00+00:00,10135.954272714342
2022-03-16 22:00:00+00:00,10135.847172714342
2022-03-16 23:00:00+00:00,10136.013772714343
2022-03-17 00:00:00+00:00,10135.935372714343
2022-03-17 01:00:00+00:00,10136.10322027434
2022-03-17 02:00:00+00:00,10135.981660274341
2022-03-17 03:00:00+00:00,10135.907000274341
2022-03-17 04:00:00+00:00,10136.288880274342
2022-03-17 05:00:00+00:00,10136.05188027434
2022-03-17 06:00:00+00:00,10135.845480274342
2022-03-17 07:00:00+00:00,10135.84978027434
2022-03-17 08:00:00+00:00,10135.875624802404
2022-03-17 09:00:00+00:00,10135.842184802405
2022-03-17 10:00:00+00:00,10135.782424802404
2022-03-17 11:00:00+00:00,10135.867124802404
2022-03-17 12:00:00+00:00,10136.627904802404
2022-03-17 13:00:00+00:00,10136.651884802404
2022-03-17 14:00:00+00:00,10136.265944802404
2022-03-17 15:00:00+00:00,10136.352984802405
2022-03-17 16:00:00+00:00,10136.35078165047
2022-03-17 17:00:00+00:00,10136.39974165047
2022-03-17 18:00:00+00:00,10136.28758165047
2022-03-17 19:00:00+00:00,10136.672461650469
2022-03-17 20:00:00+00:00,10136.32716165047
2022-03-17 21:00:00+00:00,10136.588161650468
2022-03-17 22:00:00+00:00,10136.53302165047
2022-03-17 23:00:00+00:00,10136.475241650469
2022-03-18 00:00:00+00:00,10135.817862510532
2022-03-18 01:00:00+00:00,10135.895464230533
2022-03-18 02:00:00+00:00,10135.698064230533
2022-03-18 03:00:00+00:00,10135.694564230533
2022-03-18 04:00:00+00:00,10135.751964230532
2022-03-18 05:00:00+00:00,10135.870964230533
2022-03-18 06:00:00+00:00,10135.875864230533
2022-03-18 07:00:00+00:00,10135.831064230533
2022-03-18 08:00:00+00:00,10135.91505406435
2022-03-18 09:00:00+00:00,10135.77225406435
2022-03-18 10:00:00+00:00,10135.73235406435
2022-03-18 11:00:00+00:00,10135.75195406435
2022-03-18 12:00:00+00:00,10135.793254064349
2022-03-18 13:00:00+00:00,10135.93535406435
2022-03-18 14:00:00+00:00,10136.01515406435
2022-03-18 15:00:00+00:00,10136.270654064348
2022-03-18 16:00:00+00:00,10136.39035406435
2022-03-18 17:00:00+00:00,10136.53945406435
2022-03-18 18:00:00+00:00,10136.46315406435
2022-03-18 19:00:00+00:00,10136.696254064349
2022-03-18 20:00:00+00:00,10136.535254064349
2022-03-18 21:00:00+00:00,10136.53595406435
2022-03-18 22:00:00+00:00,10136.444254064349
2022-03-18 23:00:00+00:00,10136.542254064349
2022-03-19 00:00:00+00:00,10136.72985406435
2022-03-19 01:00:00+00:00,10136.74175406435
2022-03-19 02:00:00+00:00,10136.68505406435
2022-03-19 03:00:00+00:00,10136.63115406435
2022-03-19 04:00:00+00:00,10136.580054064349
2022-03-19 05:00:00+00:00,10136.559754064348
2022-03-19 06:00:00+00:00,10136.568154064349
2022-03-19 07:00:00+00:00,10136.436554064348
2022-03-19 08:00:00+00:00,10136.53595406435
2022-03-19 09:00:00+00:00,10136.693454064349
2022-03-19 10:00:00+00:00,10136.67175406435
2022-03-19 11:00:00+00:00,10136.832054064349
2022-03-19 12:00:00+00:00,10137.050454064349
2022-03-19 13:00:00+00:00,10136.962254064349
2022-03-19 14:00:00+00:00,10137.098054064349
2022-03-19 15:00:00+00:00,10136.97625406435
2022-03-19 16:00:00+00:00,10137.08125406435
2022-03-19 17:00:00+00:00,10136.917454064349
2022-03-19 18:00:00+00:00,10136.87335406435
2022-03-19 19:00:00+00:00,10136.70255406435
2022-03-19 20:00:00+00:00,10136.776754064349
2022-03-19 21:00:00+00:00,10136.80335406435
2022-03-19 22:00:00+00:00,10136.68435406435
2022-03-19 23:00:00+00:00,10136.738954064349
2022-03-20 00:00:00+00:00,10136.63185406435
2022-03-20 01:00:00+00:00,10136.44133630435
2022-03-20 02:00:00+00:00,10136.381916304348
2022-03-20 03:00:00+00:00,10136.44133630435
2022-03-20 04:00:00+00:00,10136.412196304349
2022-03-20 05:00:00+00:00,10136.503016304348
2022-03-20 06:00:00+00:00,10136.496916304348
2022-03-20 07:00:00+00:00,10136.496656304349
2022-03-20 08:00:00+00:00,10136.503012136413
2022-03-20 09:00:00+00:00,10136.299432136413
2022-03-20 10:00:00+00:00,10136.256512136411
2022-03-20 11:00:00+00:00,10135.968932136413
2022-03-20 12:00:00+00:00,10136.015232136413
2022-03-20 13:00:00+00:00,10135.769272136413
2022-03-20 14:00:00+00:00,10135.739692136412
2022-03-20 15:00:00+00:00,10135.634212136412
2022-03-20 16:00:00+00:00,10135.685785344474
2022-03-20 17:00:00+00:00,10135.298565344476
2022-03-20 18:00:00+00:00,10135.520465344476
2022-03-20 19:00:00+00:00,10135.860665344475
2022-03-20 20:00:00+00:00,10135.593525344475
2022-03-20 21:00:00+00:00,10135.864905344475
2022-03-20 22:00:00+00:00,10135.970265344475
2022-03-20 23:00:00+00:00,10135.652185344476
2022-03-21 00:00:00+00:00,10135.686539000537
2022-03-21 01:00:00+00:00,10135.542619000536
2022-03-21 02:00:00+00:00,10135.141839000536
2022-03-21 03:00:00+00:00,10135.297799000537
2022-03-21 04:00:00+00:00,10135.376319000537
2022-03-21 05:00:00+00:00,10135.648819000537
2022-03-21 06:00:00+00:00,10135.658599000537
2022-03-21 07:00:00+00:00,10135.973639000536
2022-03-21 08:00:00+00:00,10135.85572498598
2022-03-21 09:00:00+00:00,10136.30376498598
2022-03-21 10:00:00+00:00,10136.30576498598
2022-03-21 11:00:00+00:00,10136.17958498598
2022-03-21 12:00:00+00:00,10136.123284985979
2022-03-21 13:00:00+00:00,10136.174484985979
2022-03-21 14:00:00+00:00,10136.32318498598
2022-03-21 15:00:00+00:00,10136.50362498598
2022-03-21 16:00:00+00:00,10135.962252806019
2022-03-21 17:00:00+00:00,10136.56907280602
2022-03-21 18:00:00+00:00,10136.41461280602
2022-03-21 19:00:00+00:00,10136.96541280602
2022-03-21 20:00:00+00:00,10136.69619280602
2022-03-21 21:00:00+00:00,10136.86357280602
2022-03-21 22:00:00+00:00,10136.66921280602
2022-03-21 23:00:00+00:00,10136.622752806019
2022-03-22 00:00:00+00:00,10136.692246738085
2022-03-22 01:00:00+00:00,10136.926546738085
2022-03-22 02:00:00+00:00,10137.304226738084
2022-03-22 03:00:00+00:00,10137.793106738083
2022-03-22 04:00:00+00:00,10138.165706738084
2022-03-22 05:00:00+00:00,10137.971466738083
2022-03-22 06:00:00+00:00,10137.458786738083
2022-03-22 07:00:00+00:00,10137.622866738084
2022-03-22 08:00:00+00:00,10137.747138694149
2022-03-22 09:00:00+00:00,10137.644238694149
2022-03-22 10:00:00+00:00,10137.859578694148
2022-03-22 11:00:00+00:00,10137.994398694149
2022-03-22 12:00:00+00:00,10137.804118694148
2022-03-22 13:00:00+00:00,10137.944598694148
2022-03-22 14:00:00+00:00,10138.017478694148
2022-03-22 15:00:00+00:00,10137.733858694148
2022-03-22 16:00:00+00:00,10137.725629254213
2022-03-22 17:00:00+00:00,10137.714109254213
2022-03-22 18:00:00+00:00,10137.410449254212
2022-03-22 19:00:00+00:00,10137.191209254213
2022-03-22 20:00:00+00:00,10137.559229254213
2022-03-22 21:00:00+00:00,10137.818649254212
2022-03-22 22:00:00+00:00,10137.661249254212
2022-03-22 23:00:00+00:00,10137.365209254212
2022-03-23 00:00:00+00:00,10137.546533338278
2022-03-23 01:00:00+00:00,10137.330273338277
2022-03-23 02:00:00+00:00,10137.237333338278
2022-03-23 03:00:00+00:00,10136.990393338277
2022-03-23 04:00:00+00:00,10136.895553338278
2022-03-23 05:00:00+00:00,10136.971053338279
2022-03-23 06:00:00+00:00,10137.148013338277
2022-03-23 07:00:00+00:00,10136.959653338277
2022-03-23 08:00:00+00:00,10137.032269066342
2022-03-23 09:00:00+00:00,10137.037949066342
2022-03-23 10:00:00+00:00,10137.107289066342
2022-03-23 11:00:00+00:00,10136.98976906634
2022-03-23 12:00:00+00:00,10137.35034906634
2022-03-23 13:00:00+00:00,10137.261549066341
2022-03-23 14:00:00+00:00,10137.914469066342
2022-03-23 15:00:00+00:00,10138.310789066341
2022-03-23 16:00:00+00:00,10138.169192002406
2022-03-23 17:00:00+00:00,10137.482772002406
2022-03-23 18:00:00+00:00,10137.273212002407
2022-03-23 19:00:00+00:00,10137.362912002407
2022-03-23 20:00:00+00:00,10137.607312002407
2022-03-23 21:00:00+00:00,10137.690732002407
2022-03-23 22:00:00+00:00,10137.882392002406
2022-03-23 23:00:00+00:00,10138.121752002407
2022-03-24 00:00:00+00:00,10138.332517106473
2022-03-24 01:00:00+00:00,10138.030297106472
2022-03-24 02:00:00+00:00,10138.145577106472
2022-03-24 03:00:00+00:00,10137.860177106473
2022-03-24 04:00:00+00:00,10138.027017106473
2022-03-24 05:00:00+00:00,10138.390977106474
2022-03-24 06:00:00+00:00,10138.507797106473
2022-03-24 07:00:00+00:00,10138.447877106473
2022-03-24 08:00:00+00:00,10138.599320518539
2022-03-24 09:00:00+00:00,10138.66090051854
2022-03-24 10:00:00+00:00,10138.87010051854
2022-03-24 11:00:00+00:00,10138.67544051854
2022-03-24 12:00:00+00:00,10138.37304051854
2022-03-24 13:00:00+00:00,10138.636260518539
2022-03-24 14:00:00+00:00,10138.871720518538
2022-03-24 15:00:00+00:00,10139.32444051854
2022-03-24 16:00:00+00:00,10139.481922422607
2022-03-24 17:00:00+00:00,10139.106982422607
2022-03-24 18:00:00+00:00,10139.521662422607
2022-03-24 19:00:00+00:00,10139.496502422608
2022-03-24 20:00:00+00:00,10139.430282422607
2022-03-24 21:00:00+00:00,10139.478942422607
2022-03-24 22:00:00+00:00,10139.377742422606
2022-03-24 23:00:00+00:00,10139.366182422607
2022-03-25 00:00:00+00:00,10139.033964286675
2022-03-25 01:00:00+00:00,10139.490244286675
2022-03-25 02:00:00+00:00,10139.362904286674
2022-03-25 03:00:00+00:00,10139.381384286675
2022-03-25 04:00:00+00:00,10139.666304286675
2022-03-25 05:00:00+00:00,10139.514244286675
2022-03-25 06:00:00+00:00,10139.501184286675
2022-03-25 07:00:00+00:00,10139.209804286675
2022-03-25 08:00:00+00:00,10139.121837866742
2022-03-25 09:00:00+00:00,10139.312537866743
2022-03-25 10:00:00+00:00,10139.432637866743
2022-03-25 11:00:00+00:00,10139.831117866743
2022-03-25 12:00:00+00:00,10139.894877866742
2022-03-25 13:00:00+00:00,10139.946517866741
2022-03-25 14:00:00+00:00,10139.655357866743
2022-03-25 15:00:00+00:00,10138.882157866743
2022-03-25 16:00:00+00:00,10138.280838066808
2022-03-25 17:00:00+00:00,10138.219978066807
2022-03-25 18:00:00+00:00,10138.508338066807
2022-03-25 19:00:00+00:00,10138.404258066808
2022-03-25 20:00:00+00:00,10138.614438066808
2022-03-25 21:00:00+00:00,10138.639058066809
2022-03-25 22:00:00+00:00,10138.282018066808
2022-03-25 23:00:00+00:00,10138.338638066807
2022-03-26 00:00:00+00:00,10138.129206170874
2022-03-26 01:00:00+00:00,10138.250126170873
2022-03-26 02:00:00+00:00,10138.207706170873
2022-03-26 03:00:00+00:00,10138.392826170873
2022-03-26 04:00:00+00:00,10138.599466170874
2022-03-26 05:00:00+00:00,10138.777646170873
2022-03-26 06:00:00+00:00,10138.741946170872
2022-03-26 07:00:00+00:00,10138.980146170874
2022-03-26 08:00:00+00:00,10139.03418474294
2022-03-26 09:00:00+00:00,10139.06300474294
2022-03-26 10:00:00+00:00,10138.94270474294
2022-03-26 11:00:00+00:00,10138.91700474294
2022-03-26 12:00:00+00:00,10138.801884742941
2022-03-26 13:00:00+00:00,10138.626624742941
2022-03-26 14:00:00+00:00,10138.76904474294
2022-03-26 15:00:00+00:00,10138.92374474294
2022-03-26 16:00:00+00:00,10139.233062531008
2022-03-26 17:00:00+00:00,10139.071442531007
2022-03-26 18:00:00+00:00,10139.148342531007
2022-03-26 19:00:00+00:00,10139.132902531008
2022-03-26 20:00:00+00:00,10139.187462531007
2022-03-26 21:00:00+00:00,10139.163502531008
2022-03-26 22:00:00+00:00,10139.029702531006
2022-03-26 23:00:00+00:00,10139.198562531008
2022-03-27 00:00:00+00:00,10139.462873731074
2022-03-27 01:00:00+00:00,10139.469293731076
2022-03-27 02:00:00+00:00,10139.478133731074
2022-03-27 03:00:00+00:00,10139.272693731074
2022-03-27 04:00:00+00:00,10139.184753731075
2022-03-27 05:00:00+00:00,10139.274293731074
2022-03-27 06:00:00+00:00,10139.417673731075
2022-03-27 07:00:00+00:00,10139.480233731074
2022-03-27 08:00:00+00:00,10139.209720111141
2022-03-27 09:00:00+00:00,10139.097620111143
2022-03-27 10:00:00+00:00,10139.159080111142
2022-03-27 11:00:00+00:00,10139.095940111141
2022-03-27 12:00:00+00:00,10138.624840111142
2022-03-27 13:00:00+00:00,10138.951160111143
2022-03-27 14:00:00+00:00,10138.975200111141
2022-03-27 15:00:00+00:00,10139.33098011114
2022-03-27 16:00:00+00:00,10139.550159241848
2022-03-27 17:00:00+00:00,10139.52619924185
2022-03-27 18:00:00+00:00,10139.47665924185
2022-03-27 19:00:00+00:00,10139.629479241848
2022-03-27 20:00:00+00:00,10140.306619241848
2022-03-27 21:00:00+00:00,10140.708479241848
2022-03-27 22:00:00+00:00,10140.882059241849
2022-03-27 23:00:00+00:00,10141.24817924185
2022-03-28 00:00:00+00:00,10141.158897989579
2022-03-28 01:00:00+00:00,10141.590557500755
2022-03-28 02:00:00+00:00,10137.100677500755
2022-03-28 03:00:00+00:00,10137.472517500755
2022-03-28 04:00:00+00:00,10136.894527500755
2022-03-28 05:00:00+00:00,10139.119647500755
2022-03-28 06:00:00+00:00,10133.887267500755
2022-03-28 07:00:00+00:00,10126.368837500755
2022-03-28 08:00:00+00:00,10117.647598272028
2022-03-28 09:00:00+00:00,10119.079468272028
2022-03-28 10:00:00+00:00,10119.477508272028
2022-03-28 11:00:00+00:00,10119.497748272028
2022-03-28 12:00:00+00:00,10120.600678272027
2022-03-28 13:00:00+00:00,10120.781538272027
2022-03-28 14:00:00+00:00,10115.862618272027
2022-03-28 15:00:00+00:00,10118.124958272028
2022-03-28 16:00:00+00:00,10111.692607247745
2022-03-28 17:00:00+00:00,10110.149147247746
2022-03-28 18:00:00+00:00,10114.480987247747
2022-03-28 19:00:00+00:00,10114.306037247747
2022-03-28 20:00:00+00:00,10115.908697247747
2022-03-28 21:00:00+00:00,10124.736027247747
2022-03-28 22:00:00+00:00,10127.237667247746
2022-03-28 23:00:00+00:00,10134.111607247747
2022-03-29 00:00:00+00:00,10128.85219959833
2022-03-29 01:00:00+00:00,10103.88929844568
2022-03-29 02:00:00+00:00,10118.49040844568
2022-03-29 03:00:00+00:00,10097.62916644568
2022-03-29 04:00:00+00:00,10084.173754445681
2022-03-29 05:00:00+00:00,10066.60252644568
2022-03-29 06:00:00+00:00,10070.92282044568
2022-03-29 07:00:00+00:00,10105.77943444568
2022-03-29 08:00:00+00:00,10082.735476786263
2022-03-29 09:00:00+00:00,10117.040848786264
2022-03-29 10:00:00+00:00,10085.119250786263
2022-03-29 11:00:00+00:00,10100.260256786263
2022-03-29 12:00:00+00:00,10079.045198786263
2022-03-29 13:00:00+00:00,10077.001332786263
2022-03-29 14:00:00+00:00,10055.991382786264
2022-03-29 15:00:00+00:00,10074.750424786263
2022-03-29 16:00:00+00:00,10100.606926917766
2022-03-29 17:00:00+00:00,10086.692768917765
2022-03-29 18:00:00+00:00,10087.107720917766
2022-03-29 19:00:00+00:00,10088.168578917765
2022-03-29 20:00:00+00:00,10083.740456917765
2022-03-29 21:00:00+00:00,10100.31529390872
2022-03-29 22:00:00+00:00,10080.825585908718
2022-03-29 23:00:00+00:00,10056.165631908718
2022-03-30 00:00:00+00:00,10045.78405729742
2022-03-30 01:00:00+00:00,10067.49479732772
2022-03-30 02:00:00+00:00,10001.04700732772
2022-03-30 03:00:00+00:00,9983.70143232772
2022-03-30 04:00:00+00:00,10005.71343232772
2022-03-30 05:00:00+00:00,9980.205492327721
2022-03-30 06:00:00+00:00,9890.059933283213
2022-03-30 07:00:00+00:00,9884.239483367846
2022-03-30 08:00:00+00:00,9881.510154543063
2022-03-30 09:00:00+00:00,9884.790654543063
2022-03-30 10:00:00+00:00,9876.324056543062
2022-03-30 11:00:00+00:00,9873.828996543063
2022-03-30 12:00:00+00:00,9892.965330543064
2022-03-30 13:00:00+00:00,9910.744416543062
2022-03-30 14:00:00+00:00,9910.231060543063
2022-03-30 15:00:00+00:00,9905.211108543062
2022-03-30 16:00:00+00:00,9903.856728266897
2022-03-30 17:00:00+00:00,9902.566620266896
2022-03-30 18:00:00+00:00,9905.543679981483
2022-03-30 19:00:00+00:00,9901.691199981482
2022-03-30 20:00:00+00:00,9903.932747981482
2022-03-30 21:00:00+00:00,9904.624351981483
2022-03-30 22:00:00+00:00,9909.397523981483
2022-03-30 23:00:00+00:00,9901.873713981482
2022-03-31 00:00:00+00:00,9900.755009062925
2022-03-31 01:00:00+00:00,9833.799147227748
2022-03-31 02:00:00+00:00,9811.590422037132
2022-03-31 03:00:00+00:00,9793.378804037131
2022-03-31 04:00:00+00:00,9797.921451817445
2022-03-31 05:00:00+00:00,9790.649919817444
2022-03-31 06:00:00+00:00,9791.612629817444
2022-03-31 07:00:00+00:00,9788.972337817446
2022-03-31 08:00:00+00:00,9786.73199879945
2022-03-31 09:00:00+00:00,9784.58234679945
2022-03-31 10:00:00+00:00,9794.06439079945
2022-03-31 11:00:00+00:00,9801.99077879945
2022-03-31 12:00:00+00:00,9804.331494799451
2022-03-31 13:00:00+00:00,9810.406110799451
2022-03-31 14:00:00+00:00,9823.242548799451
2022-03-31 15:00:00+00:00,9830.934560799451
2022-03-31 16:00:00+00:00,9850.349060686
2022-03-31 17:00:00+00:00,9848.152464686
2022-03-31 18:00:00+00:00,9849.184844686
2022-03-31 19:00:00+00:00,9851.062194686
2022-03-31 20:00:00+00:00,9850.204534686
2022-03-31 21:00:00+00:00,9850.290512685999
2022-03-31 22:00:00+00:00,9852.263790686
2022-03-31 23:00:00+00:00,9807.097173286005
2022-04-01 00:00:00+00:00,9792.303810219995
2022-04-01 01:00:00+00:00,9814.075966057859
2022-04-01 02:00:00+00:00,9834.952532057858
2022-04-01 03:00:00+00:00,9849.481098057859
2022-04-01 04:00:00+00:00,9832.933138057859
2022-04-01 05:00:00+00:00,9825.635638057858
2022-04-01 06:00:00+00:00,9801.051852057857
2022-04-01 07:00:00+00:00,9779.853944057857
2022-04-01 08:00:00+00:00,9783.562618860926
2022-04-01 09:00:00+00:00,9802.845242860925
2022-04-01 10:00:00+00:00,9780.296514860926
2022-04-01 11:00:00+00:00,9791.034554860926
2022-04-01 12:00:00+00:00,9787.687320860927
2022-04-01 13:00:00+00:00,9784.947152860927
2022-04-01 14:00:00+00:00,9764.075980860925
2022-04-01 15:00:00+00:00,9780.67956290092
2022-04-01 16:00:00+00:00,9782.960690113086
2022-04-01 17:00:00+00:00,9767.583518113086
2022-04-01 18:00:00+00:00,9772.588592113087
2022-04-01 19:00:00+00:00,9772.226256113086
2022-04-01 20:00:00+00:00,9776.177234113085
2022-04-01 21:00:00+00:00,9778.691182113087
2022-04-01 22:00:00+00:00,9779.472968113087
2022-04-01 23:00:00+00:00,9783.444790113086
2022-04-02 00:00:00+00:00,9765.355093687134
2022-04-02 01:00:00+00:00,9748.083085415312
2022-04-02 02:00:00+00:00,9739.424288415312
2022-04-02 03:00:00+00:00,9750.4043766513
2022-04-02 04:00:00+00:00,9739.8969256513
2022-04-02 05:00:00+00:00,9737.5273596513
2022-04-02 06:00:00+00:00,9726.7002136513
