symbol,date,turnover_usd,n_trades,med_trade_usd,vwap,eff_spread_med_bps,eff_spread_p75_bps,cross_spread_med_bps,n_pairs,tick_bps,roll_bps,hourly_turnover_med,hourly_turnover_min
BTCUSDT,2026-08-12,3282085401.180199,1123050,64.2311,63781.66749158066,0.01569100026965687,0.0157567411275437,0.015690040120345868,57416,0.01567848630043187,1.3728661274278524,80318034.2308,43810421.3852
BTCUSDT,2026-05-20,3451912931.0746984,1451738,77.5873,77300.67759547931,0.012931784191616273,0.012978779047618377,0.012929518608915778,65964,0.012936497208287994,0.7792421909083883,111557739.6309,36274793.9336
ETHUSDT,2026-08-12,1751075958.732299,1439263,19.0807,1897.050504479033,0.05285132921088159,0.05306024991372884,0.052886547777659165,53157,0.05271340945525907,0.8512121317191074,47694483.8795,16457163.7811
ETHUSDT,2026-05-20,1760113140.4990003,1495675,21.3524,2128.545071637445,0.04693844023452103,0.04716291485781928,0.046958057062320535,46586,0.04698044750384704,0.0,55207497.649900004,21581591.7988
SOLUSDT,2026-08-12,392210553.7239999,240201,84.403,76.21285279125753,1.310787783456666,1.3196093956195718,1.312680493568537,17413,1.3121146412640279,1.2081727116896934,8829322.5495,4877280.7530000005
SOLUSDT,2026-05-20,638890051.715,424488,51.66,85.46649079679182,1.1638733705778765,1.1778563015301418,1.1691804045370182,28536,1.1700492095512922,1.382523496245044,15069896.438499998,3835938.228
XRPUSDT,2026-08-12,164425934.12896997,210759,12.87145,1.0147468376789106,0.980776775205855,0.9886307464161046,0.9824147755181155,14874,0.9854674711647764,1.781541041590545,4626912.916095,2595618.98141
XRPUSDT,2026-05-20,252388696.84813,334654,5.62438,1.3666445045271343,0.7298737318443106,0.7325336515015024,0.730994152046703,22582,0.7317191827774515,0.0,7464731.798545,4358314.4781
DOGEUSDT,2026-08-12,122862650.2775,271054,11.00736,0.07065659157082722,1.4072614691804282,1.4357501794682157,1.4162299957507607,11959,1.4152961213777164,0.0,2988521.6509950003,699655.53917
DOGEUSDT,2026-05-20,114199782.15458003,322364,5.133,0.10354122270090226,0.9591406100143871,0.9654373431173973,0.9632983334935096,18071,0.9657989097620521,2.0002458137402286,3638011.3682399997,1492098.08731
BNBUSDT,2026-08-12,30886330.826,66745,42.87500000000001,613.3866605420013,1.6283992835046854,1.6358580075234592,1.6315875346716062,3303,1.6302930342754267,1.344730546223298,1096762.5315,293328.649
BNBUSDT,2026-05-20,17909491.866,55376,13.006,644.8623738233898,1.5379883112874353,1.5513496742169213,1.5503875968995773,2269,1.5507184797743576,0.9599919375691761,638948.071,299753.798
ADAUSDT,2026-08-12,48929588.067899995,84545,40.046400000000006,0.18429919272055373,5.422993492408716,5.476451259583186,5.455537370431901,4143,5.425959740996555,4.8289182461471665,1460022.94655,508001.5207
ADAUSDT,2026-05-20,40554898.207399994,103636,99.9037,0.24936018220758274,3.998400639743662,4.017677782241422,4.011231448054112,2967,4.01026335137752,3.0971490733475706,1428279.78295,319876.9696
AVAXUSDT,2026-08-12,26942140.2523,175854,15.1464,6.348294644517261,1.5532774153468996,1.5825288811526095,1.5760441292361451,7205,1.5752261922232944,0.0,696067.04165,194215.4128
AVAXUSDT,2026-05-20,19906135.7439,124266,8.3898,9.254732589472885,0.0,1.0785159620356404,1.0801468999797172,5418,1.08052824901384,1.5584948540048618,661990.2816,204789.4849
LINKUSDT,2026-08-12,36115930.8981,164359,11.5232,8.76621116184317,1.1322463768109665,1.1431184270704415,1.1410314924705867,7742,1.1407436822331658,1.9951073542909348,974799.4366,477677.3761
LINKUSDT,2026-05-20,38876439.848900005,164715,7.5688,9.565303704773719,0.0,1.0437323870172446,1.0438413361163317,6179,1.0454451116908914,0.0,1278398.4707499999,362505.0632
LTCUSDT,2026-08-12,9511523.938000001,36278,49.30200000000001,45.14369597863066,2.1958717610887155,2.2217285047762743,2.2207417277366224,1604,2.2151487119556266,1.7029067793490378,272236.96900000004,94050.587
LTCUSDT,2026-05-20,36101489.415,93645,48.789,53.960853860156874,1.8446781036705422,1.8590816136824708,1.8542555164097925,3081,1.8531952859592755,0.0,666372.423,201990.866
DOTUSDT,2026-08-12,7491336.92395,69046,12.01864,0.784983940350149,1.2627857052670792,1.2918227619169227,1.2810658467843838,2492,1.2739114121924981,0.0,232616.82971999998,84614.29145
DOTUSDT,2026-05-20,16466758.981049998,151067,6.64885,1.2413655704402158,0.0,0.8036001285759321,0.8043758043757158,4502,0.8055644717496617,1.4845199538395573,623585.3121,280248.10421
SUIUSDT,2026-08-12,22965587.375,93581,13.918,0.6884030618989366,1.4442518775272817,1.4575134819995479,1.452643811737202,4120,1.4526373506262793,0.9886120854136815,688880.3585,249285.71300000002
SUIUSDT,2026-05-20,77314894.43199998,338748,10.775,1.0582186593843856,0.0,0.949307005885599,0.9494872768703855,18100,0.9449842819645949,0.0,2314647.1404999997,1000763.018
NEARUSDT,2026-08-12,39878720.52074999,127788,18.0271,1.644068574484354,6.067961165047875,6.123698714023956,6.086427267193487,5117,0.6082471348943155,9.720290088826422,1596862.85589,744023.106
NEARUSDT,2026-05-20,68596964.05214003,682353,5.5862,1.6651507028236148,0.5924521594880561,0.6110228522546071,0.6028454304315709,26589,0.6005462438349746,8.43246714703455,2557112.178525,608292.69651
APTUSDT,2026-08-12,6757805.723889001,65566,13.282627999999999,0.5681916991281221,1.7537706068044365,1.7869907076481235,1.7686593562077995,1875,1.7599693933127998,2.084295717063808,235640.1755145,90632.968064
APTUSDT,2026-05-20,7599472.691905001,117069,5.056285,0.9445962380876829,0.0,1.059546514091852,1.0597710894445633,4541,1.058653379802116,2.520201339630783,320972.65708200005,109839.181912
ARBUSDT,2026-08-12,13746999.393401,109784,10.713812999999998,0.07727020049276255,1.3089005235606104,2.596053997923952,1.3462574044152025,5040,1.294159965449134,0.0,309516.5317085,107700.44885
ARBUSDT,2026-05-20,21776741.737482,209152,5.50662,0.11242000478018607,0.880436696601173,0.894054537327671,0.8926180487365993,7665,0.8895213996431545,0.0,780764.638721,485545.803319
OPUSDT,2026-08-12,8742729.965821,101313,7.49385,0.08905054976821143,1.129433024621202,2.286498317597759,1.170960187354801,3166,1.1229576938070567,2.5216325831356574,244366.401107,93748.489562
OPUSDT,2026-05-20,10397365.621710999,185091,5.047534,0.12750749218703458,0.78021377857611,0.795608242502188,0.7880841673898653,10625,0.784267640156684,0.0,388606.8304095,142443.00546000001
FILUSDT,2026-08-12,4045323.9118700004,41381,10.9392,0.687646409466819,1.491201908738279,2.933841865923104,1.5010507355146951,2463,1.454235761625311,3.6306809419205663,99989.520535,25457.62698
FILUSDT,2026-05-20,4475998.35641,55110,23.19601,0.9586267089968906,1.034233116144265,1.058537101725299,1.0509721492379294,2581,1.0431589174542115,2.628988630830112,158181.967735,69866.57966
ATOMUSDT,2026-08-12,3078221.8588,17972,33.782250000000005,1.4156651414181118,7.0175438596499085,7.117437722420725,7.092198581559503,513,0.7063817358659842,5.023037105962906,129503.27924999999,25697.415399999998
ATOMUSDT,2026-05-20,7167791.84725,155848,5.2195,2.0063339201591943,0.49756194646117496,0.5008263634997195,0.49960031974525904,4250,0.49842151894552206,2.1508782732476224,281371.77092499996,117750.40073000001
UNIUSDT,2026-08-12,31673426.2761,177664,21.0,3.568553852575699,2.796420581655173,2.8481913984616627,2.835270768358066,10953,2.8022555951568817,6.093055142164613,730298.4730499999,306082.8116
UNIUSDT,2026-05-20,13810736.9225,99892,9.5985,3.5830777136648932,2.744237102085318,2.7808676307004725,2.779321845470634,4376,2.790896765052455,0.0,433461.40675,91730.4324
INJUSDT,2026-08-12,7057366.244500001,66059,20.064,4.600328495101853,2.152389151959393,2.1872265966761457,2.176752285588693,2231,2.1737578111306277,2.2937364102208804,259180.19805,91866.4976
INJUSDT,2026-05-20,33353722.96309999,260994,7.8496,4.997061870279425,1.9312475859411626,2.000800320126942,1.9992003198727188,14667,2.0011759429016793,0.0,1087056.6952,578988.7425
TIAUSDT,2026-08-12,4747754.394599999,34854,36.607240000000004,0.3062370415120042,3.2456994482307366,3.3233632436021594,3.292723081988442,1567,3.26544429459782,3.771607383923885,168887.692065,62409.37996
TIAUSDT,2026-05-20,11534153.17077,92001,20.8364,0.4054883454909024,2.40905805829894,2.4968789013733548,2.478929102627392,5100,2.466162125545791,3.7699388521194486,310029.70758000005,103547.37311
SEIUSDT,2026-08-12,3617495.75726,28272,24.525835,0.04004609282749448,2.4773938197547536,2.503755633450507,2.501876407306245,826,2.4971225140671938,2.2303084285160724,126027.27368,49235.95846
SEIUSDT,2026-05-20,4680574.92949,44258,19.96335,0.06078718079841557,1.62733930024347,1.6466326362582124,1.644601606384495,1293,1.6450836950570957,1.2850870257858258,151398.264195,43309.45949
WLDUSDT,2026-08-12,25981358.33547,149676,10.779905,0.33570613654123127,2.9222676797191407,2.9913251570442414,2.9841838257233357,6310,2.978795711936801,0.0,824241.689045,329497.0947
WLDUSDT,2026-05-20,43710682.06815999,142963,31.02666,0.2468619652945821,3.9308176100624603,4.032258064515685,4.020908725371491,6833,4.0508467912688895,3.5097593468510744,980838.9273900001,230033.00494
1000PEPEUSDT,2026-08-12,35627533.9594,91759,26.837,0.0027739337630017873,3.570153516600139,3.7160906726112937,3.6376864314285156,5183,3.6049887468025124,3.96911149006457,796374.6055000001,319808.6766
1000PEPEUSDT,2026-05-20,38929830.7067,80495,19.963800000000003,0.003700347107631969,2.6910656620013427,2.712967986978114,2.702702702703061,4969,2.702449178178983,3.6516365081179236,1089876.2847,413568.1865
WIFUSDT,2026-08-12,7180876.33028,39744,31.99425,0.1378472702013701,7.241129616219333,7.457121551080461,7.380073800737194,1295,0.7254405535469829,7.633486138217907,173769.40495,64692.0941
WIFUSDT,2026-05-20,9641773.15875,201272,5.19345,0.19365073664930832,0.5066112771661302,0.5181884133061584,0.5182958432678554,5235,0.5163935946234864,2.3849233609470613,317904.26946,150944.95296
RENDERUSDT,2026-08-12,2970721.37215,17755,31.299700000000005,1.259418543504189,7.892659826360616,7.974481658691307,7.949125596183544,519,0.7940172114803897,5.91275347429545,112111.6535,31481.1175
RENDERUSDT,2026-05-20,8207768.521439999,100022,22.854715,1.886594914913273,0.5387931034482165,1.5713387806409331,0.5410084397316002,3995,0.5300554942107749,0.0,274148.92056,105798.86053
AAVEUSDT,2026-08-12,15107708.7253,100610,15.211600000000002,89.11963128548699,1.1153245594473697,1.1257458065974464,1.1227124733345577,3272,1.1220872276678047,2.171662911604258,616424.57415,188895.35
AAVEUSDT,2026-05-20,21093291.6031,132782,7.9803,87.81899404989058,0.0,1.138822457579446,1.1399908800735428,5210,1.1387058241990151,0.0,701725.37595,280939.4416
ONDOUSDT,2026-08-12,21825734.3288,80029,16.830000000000002,0.3337923581449324,2.966478789676327,3.0066145520141005,2.9994001199773397,4029,2.9958744578738696,3.6549392250340254,595833.6411,247950.5464
ONDOUSDT,2026-05-20,105408098.9934,459577,14.497,0.38808255365193556,2.476473501733259,2.5920165889073226,2.5866528711844023,31129,2.5767713353503963,7.222405937793235,3983862.70685,2087379.2407
ENAUSDT,2026-08-12,25555682.09313,166336,11.05832,0.08820479720620635,1.1179429849073363,1.1534025374851353,1.129433024621202,5865,1.133725184653845,1.0494118652752833,743955.403455,299753.97209
ENAUSDT,2026-05-20,26024475.721829996,247298,5.525519999999999,0.10563492784847012,0.0,0.9429514380005773,0.9461633077878703,10669,0.9466565844907661,0.0,798391.05082,382714.71306
JUPUSDT,2026-08-12,3084771.79219,23828,35.4848,0.17199108837321694,5.820721769498777,5.906674542232072,5.875440658048707,917,0.581425473527004,2.5731972941858543,70770.16495,13767.1747
JUPUSDT,2026-05-20,7757567.072730001,150222,20.26168,0.20823217612352002,0.9489016463453053,1.9086701340846612,0.515185080581722,11005,0.48023317943190513,5.979186020603354,245651.880415,64426.59654
STXUSDT,2026-08-12,1244035.31251,12693,35.369,0.12362483448977739,0.0,8.110300081103233,8.116883116883349,656,8.088989596039301,1.6228024001979557,29667.756005000003,7775.33446
STXUSDT,2026-05-20,1490261.48585,18276,20.529305,0.24067490421487184,4.0966816878335415,4.188482226724108,4.170141784820803,564,4.154982436835629,0.0,45776.628465,10871.802
ALGOUSDT,2026-08-12,4670308.836847001,73780,14.99664,0.07994832421884847,1.246183567677413,1.2688342623557174,1.2642225031609433,2074,1.2508079559769611,0.0,129614.42717450002,63526.361114
ALGOUSDT,2026-05-20,11415916.47077,188057,10.439664,0.11574075975925426,0.8633341966671952,1.7146776406029018,0.8777319406661985,8095,0.8639998580272458,0.0,407028.500023,184522.069896
SANDUSDT,2026-08-12,2063653.3265699998,28305,15.011399999999998,0.039306115407056245,2.534854245881638,2.6253609871365353,2.5906735751303267,1173,2.544133373760186,4.8038450309677065,55684.58159,24087.57627
SANDUSDT,2026-05-20,2351600.00771,28433,25.93136,0.07152568699257209,1.393631112612545,1.4262283609119182,1.4029180695861394,1374,1.3980991194163042,0.0,81121.50528,39012.8301
MANAUSDT,2026-08-12,372398.997118,6863,12.638756,0.06521962718126001,1.5750518143417382,4.6765478971966115,3.057169132882952,308,1.5332807671843744,0.0,8568.366452999999,1224.906548
MANAUSDT,2026-05-20,366962.234083,9465,5.998739999999999,0.08890545039060765,2.2511118356522197,4.481419178473727,3.341501447984211,276,1.1247904325393943,2.9603727675689497,15401.73783,4803.720916
GALAUSDT,2026-08-12,3404825.987426,25489,19.730588,0.0016847196309638733,5.8997050147500465,6.108735491752693,6.060606060605551,940,5.9357057496135965,5.908601045707465,96429.087917,43610.928611
GALAUSDT,2026-05-20,5759349.075111999,51847,14.378298,0.0033735840871613994,0.0,2.968239833778963,2.9708853238268946,2688,2.964206535729539,2.5845594995581522,211042.37567500002,101258.470882
AXSUSDT,2026-08-12,2417864.71558,36284,38.264005,0.8890663705618288,1.1741223435480683,3.350645009611783,2.285583688394544,1743,1.12477541959883,4.152463844357582,78182.02877500001,24024.321630000002
AXSUSDT,2026-05-20,2748114.5317199994,45944,30.400019999999998,1.194988636870916,0.8425309630127978,1.6859141869691014,0.844737286703742,2554,0.8368280409915824,0.0,103016.81307999999,31145.43255
CHZUSDT,2026-08-12,845183.59556,7163,33.13284,0.012508119381217304,7.999999999999674,8.163265306122824,8.103727714748455,395,7.994806969156367,5.501030392853016,20699.860525,4166.94708
CHZUSDT,2026-05-20,7253944.45161,102372,7.524780000000001,0.045796095820800256,2.1795989537916576,2.2301516503113565,2.2099447513811254,3257,2.1835922518648836,0.0,226501.675055,121804.2873
ENJUSDT,2026-08-12,494201.8296034,9044,17.2945375,0.02482468346025672,4.123711340206017,8.227067050597554,7.898894154819374,619,0.4028248745239748,0.0,16630.7789445,4449.828264
ENJUSDT,2026-05-20,5895859.050102401,132365,22.900224,0.045177402499883904,0.8937748581141352,2.021336327906134,1.1022684690434632,8837,0.2213496006098693,0.0,205673.70011715,72114.8224512
GMTUSDT,2026-08-12,859186.81225,16700,9.99323,0.006599383203591477,3.0296146379748765,6.0402462472404626,4.452359750667158,584,1.5152931253560957,4.785392959999288,29063.0554745,6780.392882
GMTUSDT,2026-05-20,1345758.806442,31051,9.032525,0.010154859989804081,0.9921619208247499,1.9858015240326914,1.9493177387916818,1211,0.984750160025159,0.0,53854.770720500004,17292.767269
APEUSDT,2026-08-12,1485707.225365,25541,15.65,0.12714346675656094,1.6178611875094844,3.9875588164921036,3.091309782185033,997,0.786513082825486,0.9505748936196635,39563.823325000005,11295.477219
APEUSDT,2026-05-20,3091436.817983,73160,16.382858,0.14479599436225987,1.3723068478125429,2.7260491053342295,0.7000350051803308,5874,0.6906268397842282,5.878975454818586,113389.58136899999,45137.564384
LDOUSDT,2026-08-12,4245931.54656,38974,15.39517,0.2909852712175167,3.390979993217667,3.4629037225806414,3.4524427060186103,1196,3.436600058194602,3.2084235759913358,137932.736665,47912.64308
LDOUSDT,2026-05-20,4158533.97656,41647,8.1947,0.35897424760937485,2.757099531292776,2.795638803467836,2.7925160569685703,1495,2.7857151499292514,3.344092109901488,108363.662,40896.22825
DYDXUSDT,2026-08-12,1209273.210866,17225,16.736459999999997,0.11076566562983871,1.8362100624317041,4.510803603538269,2.732240437158675,959,0.9028068348737719,0.0,40415.606692500005,11758.066633
DYDXUSDT,2026-05-20,4394792.136661001,94144,19.149298,0.15070781159582505,1.3228388120920698,2.6430553720108527,1.9503315563647279,5189,0.6635356119960585,5.1967752659362345,153953.84004749998,40980.009265
GRTUSDT,2026-08-12,946780.4572880002,8885,37.095555,0.013722796779074845,7.220216606499154,7.479431563200892,7.415648034702385,369,7.287144276047325,3.8290516521804108,29145.7060465,8832.186008
GRTUSDT,2026-05-20,720987.2570249999,8374,20.0798685,0.024972743536014072,3.9580448809232367,4.01123144805439,4.008016032063965,220,4.004365794081952,2.2012728091058538,25407.942299000002,7153.38221
IMXUSDT,2026-08-12,867335.3840109999,10095,31.533980000000003,0.11158619839260417,8.936550491510532,10.140821057939256,9.174311926605768,504,0.896168177072597,9.204645328445205,27550.3936155,4987.58985
IMXUSDT,2026-05-20,2224350.986351,37736,29.055104999999998,0.168827883205008,1.7552071384723371,3.459908528087671,2.349693089585447,1098,0.5923192194407382,0.0,78775.159755,25847.401657
RUNEUSDT,2026-08-12,258000.75198,4505,28.95935,0.42525904790380864,2.350728855804298,4.694284902371417,4.6452212913079975,168,2.35150787485675,5.267912973314258,8317.85121,1372.98874
RUNEUSDT,2026-05-20,1606967.7039899998,16372,49.5488,0.4451982626529717,2.2471910112357074,4.424778761062687,2.2696323195639807,819,2.246190256989798,6.3884508708860865,56422.659419999996,17280.92114
KAVAUSDT,2026-08-12,215380.116073,4317,15.927504999999998,0.04097393964731042,7.210671898396911,12.110232762407023,7.27449078564555,206,2.4405756649403703,5.529916923915051,3450.488558,481.388411
KAVAUSDT,2026-05-20,352204.792274,8491,13.774932,0.05828386894145191,3.427885876575406,5.180228822395835,3.5075412136091173,374,1.7157405954023843,4.900194475694278,13030.872652500002,1507.904329
ZILUSDT,2026-08-12,659805.88627,9144,40.6323,0.002337879317428951,4.251700680272673,4.323389537397893,4.308487720810567,321,4.277380755048702,4.086250794612723,18660.65038,5551.06164
ZILUSDT,2026-05-20,477221.29283,8272,32.69066,0.003921337895780058,2.540005080008294,2.5819777949913054,2.5690430738602137,393,2.550150042095107,0.0,16845.10832,2234.20231
IOTAUSDT,2026-08-12,539048.230866,8065,19.56375,0.03432006693647891,2.9175784720076416,5.787874766565891,5.673766171138745,574,2.913747230885232,1.8691442120097947,18564.455886,3886.973007
IOTAUSDT,2026-05-20,667393.974075,8209,28.713764000000005,0.05600601161864181,1.7850767583011535,3.561253561253416,1.7927572606674544,469,1.7855226092671068,3.0456671070694585,24046.586027999998,15581.836134
ANKRUSDT,2026-08-12,149001.325887,5225,10.74659,0.003428553050668294,2.8977108084617003,5.759539356271269,2.967359050444211,227,2.916682300729688,3.906385982599708,4710.133718,1202.107131
ANKRUSDT,2026-05-20,165030.135574,4322,5.131246,0.004573040160974872,2.2128789555195074,4.337454526838775,2.2249416228191023,124,2.186729100988449,0.0,5930.097006,757.560639
CELOUSDT,2026-08-12,193154.011551,4134,21.9394385,0.06141617692699866,3.2002565326039347,4.943988051189262,3.304146704113528,218,1.6282355073782042,0.0,4662.853564,1058.598162
CELOUSDT,2026-05-20,325795.867721,6404,12.2171715,0.08078840057296514,3.6683785766693866,6.172077521292988,3.7080533483030154,185,1.2378014577679983,6.227479478623031,12566.017173,3948.813017
SKLUSDT,2026-08-12,132181.10439,4912,9.198764,0.0034793182970024256,2.884338044419189,5.785363031529743,5.741357884292243,225,2.874126235766471,2.7713578031139425,4678.5111395,912.409567
SKLUSDT,2026-05-20,118608.32549300001,4546,6.7227075,0.006129433145937089,3.2954415474921577,6.588434729265743,6.461549059967672,210,1.6314722359964364,0.0,4575.4605635,652.660341
STORJUSDT,2026-08-12,13579572.955372002,166374,27.34286,0.04893344371498614,6.4308681672015675,10.837171593706907,7.508212173126454,17432,2.043592120399564,17.137376104426675,267165.5493745,5602.803878
STORJUSDT,2026-05-20,1950855.142305,39138,26.803837,0.11334914522994895,0.8964589870022412,2.6664296506979155,0.8915834522120186,2509,0.8822298553473288,4.77732623898936,79380.3789525,29016.083529
LRCUSDT,2026-08-12,147887.8629655,4276,14.1,0.009340805607807059,10.515247108308442,10.700912640704036,10.60445387062707,447,1.07057147101259,17.14163013086623,3028.026126,1020.649061
LRCUSDT,2026-05-20,364079.968413,8796,20.139153,0.016719332250026923,5.984440454817231,11.811605674033371,6.049606775559342,706,5.981100112406398,11.184671631367468,11295.2719105,2087.590023
ONTUSDT,2026-08-12,524986.69774,8512,31.939995000000003,0.0367095891470559,2.7137042062414087,5.397018810406429,2.839724238303205,558,2.724083878993268,1.7192319714915625,16356.847305,1253.34474
ONTUSDT,2026-05-20,4155946.7793600005,62364,33.01753,0.060165864172606214,1.6866250632477862,3.3709758975221953,3.208985179097068,3856,1.662072029964986,3.5862708593077217,120869.82383000001,56541.57836
ZRXUSDT,2026-08-12,225865.18641000002,4329,19.98472,0.07985326033240905,6.26645031561841,11.247192949045449,6.933034303231891,136,1.2522970206061264,8.802163319043935,7277.751105,857.88384
ZRXUSDT,2026-05-20,213568.20929000003,2803,31.6923,0.10535933041973396,4.823228949785404,8.64554174746522,5.615423430080087,70,0.9491328352370688,0.0,7848.0167,1813.63036
BANDUSDT,2026-08-12,254986.6907,5103,17.785500000000003,0.16386707585018837,11.621154417524576,17.556694617145727,12.410808146542617,476,6.102507137639512,13.84951156486393,1525.99834,600.14383
BANDUSDT,2026-05-20,49465.01269,2340,6.5228649999999995,0.20380445609171835,4.9566663292613535,9.829217793818822,9.779953438813639,44,4.9066640601315346,2.6394670227959005,1186.840135,153.73396
KNCUSDT,2026-08-12,110305.69329200001,2703,19.472335,0.1013383163475624,3.9064408280081158,5.893193785008462,3.970855845673384,92,0.9867935801991115,5.113914363267623,2661.9217805,678.062994
KNCUSDT,2026-05-20,261562.942395,5375,15.28644,0.142913498089791,3.5612537238496755,5.578703915857051,4.250499496171896,264,0.6997239682496158,3.9293103857689884,7671.8070635,1836.05153
RLCUSDT,2026-08-12,72539.52459000002,2530,9.255125,0.26831440777177373,3.690036900368597,3.7864445285872392,3.7864445285872392,51,3.72697093795456,0.0,2463.3922350000003,687.82239
RLCUSDT,2026-05-20,87803.29475999999,3214,16.494335,0.4209943376947924,0.0,5.955157349078691,7.092198581559503,51,2.3753288594699775,6.023173496964424,1615.018715,71.52702
RVNUSDT,2026-08-12,1685028.342975,36335,16.92224,0.0027029057300198118,3.818980471496827,7.590132827323839,7.155635062611205,1808,3.6997220764794085,8.708871331131476,62816.6083055,10611.265965
RVNUSDT,2026-05-20,158084.323029,3977,7.790364,0.005457236945761077,1.833852924994068,3.6658571463131655,1.846551580693407,124,1.8324291393944658,1.0383608654173797,4030.9840405,1247.324647
ALICEUSDT,2026-08-12,133719.576024,2765,8.304056000000001,0.11758992995761579,4.3607186464336625,10.435690060006,6.464991868321544,101,0.8504129565856984,6.3924770400596715,2918.7180485,633.701579
ALICEUSDT,2026-05-20,371398.365195,14474,11.0934585,0.12958410235242238,2.3378143176842636,4.640640663497703,3.112113903369816,752,0.7716996003711802,0.0,12803.809077,5513.573231
CVCUSDT,2026-08-12,135782.81161,2278,29.85877,0.01770991370867365,5.589714924538621,5.760368663594234,5.672151569670392,133,5.646554898289521,7.327223452865668,4234.42192,941.06049
CVCUSDT,2026-05-20,118524.71983999999,3924,7.970034999999999,0.029466806745273178,3.3875338753386153,3.425244149103278,3.402518257132531,163,3.3936490256460212,0.0,3293.4409050000004,761.5713
ARPAUSDT,2026-08-12,84602.96775,1988,9.276585,0.008702173692791129,3.4782608695666846,5.698655117392063,3.4059945504081868,85,1.1491381754740935,2.6899712147580312,3009.1209150000004,695.6213
ARPAUSDT,2026-05-20,173451.26681,4659,11.75741,0.011617205448560167,3.4819499780670267,7.760645029976035,6.090133982947678,150,0.8607922141234104,2.6070061291970537,6349.659575,1581.70671
JASMYUSDT,2026-08-12,1408907.1851299999,18508,19.915000000000003,0.004005879064921878,2.5000000000003317,4.9912652857506,2.5182573659031293,835,2.496330977028052,4.297775899471636,45486.997753,10171.353145000001
JASMYUSDT,2026-05-20,2615007.387049,29493,23.961584,0.005626197938781188,1.780468277263184,3.546728143288288,1.7956545160713462,1492,1.7773992505779082,0.0,85323.2565545,15994.552776
ACHUSDT,2026-08-12,327812.41173,6507,19.3047,0.004203901936735338,4.778972520906565,9.23787528868483,7.057993274938685,317,2.3787424517705196,0.0,4702.7971099999995,1494.56328
ACHUSDT,2026-05-20,268353.20711,4999,25.074,0.006949131132305111,4.325573156894569,7.196833505117284,5.752085249807123,122,1.4390288238344888,1.8857024225154029,8073.56374,984.59031
IDUSDT,2026-08-12,3072607.03429,52238,30.06192,0.0295198244852251,3.5001750087502947,7.089684509039366,6.419515491935937,4840,3.387554016454671,0.0,47924.35239,10111.92981
IDUSDT,2026-05-20,479308.0926,4941,43.52022,0.02919711972505342,6.709158000670643,6.868131868131588,6.788866259334414,213,3.4249953742590598,5.503234620249057,16250.258585,2221.19723
ARKMUSDT,2026-08-12,342250.14945,7875,16.39602,0.0941530110106018,3.222171874084573,6.4002007585640115,4.233476319852775,378,1.0621009240872927,5.4543468326413755,10426.99211,4608.76065
ARKMUSDT,2026-05-20,774638.64587,14017,16.78784,0.12171023189623126,2.52642220545816,4.956658902288696,3.2597180343898926,700,0.8216236091397912,6.6180456591157055,21389.65885,3813.51509
PENDLEUSDT,2026-08-12,1302908.0709,13519,24.03,1.3357638544273494,0.0,7.518796992480792,7.53579502637529,396,0.7486353195480023,4.2804362595708625,51100.024000000005,13499.877
PENDLEUSDT,2026-05-20,7550666.4419,128536,27.459,1.8264252035800579,2.1141649048635203,3.361438719500666,1.059939583443627,12839,0.5475176306370197,4.970162662275638,232618.79379999998,69466.35280000001
XVGUSDT,2026-08-12,292005.9849,4573,25.056,0.0021579831909857273,4.716981132076098,9.32400932400955,9.090909090908326,175,4.633956391212284,11.599304549999244,8036.4267500000005,679.5159
XVGUSDT,2026-05-20,696787.4666,10701,34.6595,0.0034318216888333765,8.915305393587445,14.938815283495915,11.413896651227878,456,2.913904307014395,8.442612158421724,15380.126349999999,2336.7989000000002
CYBERUSDT,2026-08-12,91046.17534000002,2392,15.86656,0.30379094081049696,3.3681374200063656,6.594131223212446,6.481931785834891,85,3.291737394577819,4.936297094902443,3622.0266500000002,1008.57973
CYBERUSDT,2026-05-20,183863.68751999998,3072,26.76168,0.474572909776171,2.1317416329150394,4.256224921424359,4.169272643139932,99,2.107157782081436,1.3612489195238435,5564.20004,1662.11565
BIGTIMEUSDT,2026-08-12,581913.6828650001,7884,38.9228095,0.004874991762722649,4.195510803440875,8.130081300813647,5.9541530803676626,610,2.051285517333412,4.565947166808296,9877.73827,2418.143562
BIGTIMEUSDT,2026-05-20,448990.54980400007,6058,23.771119,0.012122235577469156,3.3134527085737377,6.650318829655482,5.719421865005431,194,0.8249303468890697,5.669872167570722,18005.9441275,5960.09003
ORDIUSDT,2026-08-12,2283298.24211,26923,26.57916,3.437856738679429,2.8885037550545634,2.930832356388892,2.9239766081868126,961,2.9087890392547773,0.0,86031.66249,41414.25067
ORDIUSDT,2026-05-20,5937287.518370001,54346,29.59291,4.203131908931625,2.331545814876041,2.373605506765568,2.3716352758485106,2793,2.3791782453328505,1.7379493066357177,193249.98412,53834.40749
MEMEUSDT,2026-08-12,437338.952361,7017,13.119752,0.0004982746482460694,3.9690421017371724,6.143135239816244,4.128819157720992,304,2.006925304186135,5.418663047841258,14008.298051,3311.5609050000003
MEMEUSDT,2026-05-20,161719.324548,6552,0.5677099999999999,0.0005160171951610582,1.9460932362911771,3.881610978146478,1.955416503716399,150,1.937919916965876,4.9194231873573075,5260.8626509999995,1119.702637
PYTHUSDT,2026-08-12,2103103.0900600003,31507,38.73712,0.040690165211772746,2.4515812699198483,4.763038818766178,2.495632642874001,1901,2.4575963130036294,3.8406454331593265,65318.461965,17908.11947
PYTHUSDT,2026-05-20,6505456.34517,65038,27.07656,0.04090813271630547,2.4360535931797958,2.512562814069377,2.4813895781628097,4101,2.444501700760897,5.2317584174894405,235725.13913,104150.02559
BEAMUSDT,2026-08-12,276474.09483,3409,33.65982,0.0013697516371923655,5.073566717402064,13.018949804716852,6.892449727249866,85,0.7300593573650606,0.0,8491.124080000001,701.41078
BEAMUSDT,2026-05-20,200598.16006999998,1933,38.29278,0.001730177470484937,5.269629369400194,9.824318076745813,7.214111844100401,53,0.577975390997385,4.302963632345628,4971.63524,641.45291
STRKUSDT,2026-08-12,4357834.248457,33452,33.2091,0.022896388621204265,4.330879168471023,4.45087364928227,4.420866489831827,1128,4.367500991286734,8.662591147607428,145890.5142125,34791.936003
STRKUSDT,2026-05-20,17812384.156036,151787,35.810208,0.042832523245326076,2.2742779167605462,2.3724792408073694,2.346866932644009,7626,2.3346745048664235,2.756293403853852,683419.0739845,111790.179131
PIXELUSDT,2026-08-12,146971.18998999998,5674,8.690590499999999,0.004350249075124466,4.590841332134998,9.149656274055229,6.886262723871294,248,2.29871895316857,4.903632665048134,3814.047179,643.5260010000001
PIXELUSDT,2026-05-20,339189.960658,9750,8.354295,0.006793534892143233,2.898550724638066,4.390779574960918,2.917365758513995,203,1.4719877293274402,2.1617590754790563,7627.9952065,3075.827078
PORTALUSDT,2026-08-12,197977.11122929998,8514,10.023109000000002,0.010839558280366752,3.641164264386237,7.386722024559789,4.5985468591939025,384,0.9225468179921358,8.202132785005196,6709.5836559,1613.383269
PORTALUSDT,2026-05-20,549588.7949646,10925,6.667222100000001,0.008579662089966276,4.673443159246169,9.222965673641362,5.813277525870866,443,1.1655470687694602,8.982465368489702,13541.84412065,1872.3876205000001
AEVOUSDT,2026-08-12,241586.531553,6017,19.151552,0.019605280174261056,4.988783015688642,5.1626226122881755,5.133470225872481,414,5.100666713821396,0.0,5356.2636805,1633.119232
AEVOUSDT,2026-05-20,337022.130114,8330,20.84113,0.02569646417865998,3.877471888328652,7.7339520494969785,3.9370078740155874,545,3.8915859903808263,7.072345386950743,10122.728516,3116.328702
ETHFIUSDT,2026-08-12,2874888.6548300004,32536,34.864985000000004,0.3775996202303989,2.6226068712311696,2.6723677177991583,2.667377967457695,2197,2.648307748269775,5.000621239410947,93818.584585,17522.75152
ETHFIUSDT,2026-05-20,2366985.25311,29361,43.00502,0.3815868192659114,2.5906735751292485,2.641310089804252,2.6219192448884243,1401,2.620635591983152,2.8865038460332206,73028.764465,29405.04549
ZKUSDT,2026-08-12,1385099.2187379,21324,27.1150725,0.007358869882928363,2.660281989890128,4.0766409232181005,2.74763016897962,1019,1.3589043099119575,7.133109600080047,47930.365734599996,21685.364457
ZKUSDT,2026-05-20,1918623.4353597001,31716,40.789919350000005,0.015145653474261847,1.9429422805698977,3.2657861210769727,2.033898305085604,1424,0.6602554334803982,3.648808198163324,69560.1386849,19253.2564201
IOUSDT,2026-08-12,425159.33539,7489,17.27822,0.11488927605456055,8.576329331045368,9.14076782449752,9.009009009009267,355,1.74080651274139,11.668525622792316,12854.987535,1775.06851
IOUSDT,2026-05-20,1490760.2983080002,33464,17.43255,0.14869074534527624,2.8111603064173343,5.55903005664217,3.8310507007870394,1867,0.6725368130182646,5.329275842085446,44270.4882135,11607.581033
NOTUSDT,2026-08-12,948883.4076179999,15521,16.77472,0.0003619499683239605,2.7925160569673957,5.532503457814795,5.406866720735465,739,2.762812784954964,3.2227375087553245,28800.4060845,8408.924339
NOTUSDT,2026-05-20,2205681.500098,42466,10.894434,0.0004909923725581733,2.0281918878083967,2.061961973241424,2.050440844781678,2168,2.0366915167933715,0.0,66143.804916,31140.187878
POPCATUSDT,2026-08-12,1444462.3915000001,17595,24.88845,0.042185841032194235,2.3598820387553205,4.678363340707827,2.3897718109152404,770,2.3704635857240817,0.3854444907210903,42812.577995,20310.53994
POPCATUSDT,2026-05-20,2771059.2446799995,34446,10.573789999999999,0.056794446205629,1.780309773901204,3.552871185029984,3.4946706272944477,1278,1.760735541603891,5.202516160795871,79141.69111,34980.96491
MOODENGUSDT,2026-08-12,908027.04011,11189,20.294,0.03663549770363193,2.7063601440969043,5.365886449767225,2.7925160569681826,618,2.729593052315693,0.0,28567.522539999998,7997.37421
MOODENGUSDT,2026-05-20,2055889.0939500001,21935,19.66322,0.05101929680573186,1.977066034006141,3.932363350373414,3.8880248833590954,757,1.9600426948402498,7.045753599134238,67159.927145,25246.45857
GOATUSDT,2026-08-12,506682.868166,4644,31.661765,0.013847797587767108,7.251631617113555,14.306151645206858,7.309941520467539,279,0.7221364940246146,14.429204151692119,9573.520535,1669.58489
GOATUSDT,2026-05-20,1004252.12165,17913,13.05096,0.018277066265067695,5.482456140350654,10.777314341481112,5.512679162072543,820,5.471337606906988,7.962352556661746,42329.73816,9960.15792
PNUTUSDT,2026-08-12,663861.76223,11465,31.30512,0.04040507721441736,2.471576866039576,4.901960784315226,4.834421078076542,951,2.4749364905131075,4.827511451670092,18261.067425,9697.92944
PNUTUSDT,2026-05-20,1814295.53944,29917,18.12508,0.05779455952030812,1.714971702967426,1.7498578340992863,1.7364125716263454,2156,1.7302666692151667,3.1771830215633368,59774.666395,22457.12179
ACTUSDT,2026-08-12,577273.158234,25940,10.0000945,0.01024004865489208,1.9498878814470757,3.9688445798923384,2.910360884749254,1319,0.9765578599292353,0.0,16362.43145,4880.199834
ACTUSDT,2026-05-20,128777.95834200001,2295,15.398565,0.013126782010009459,7.656967840734757,13.934045517881188,9.432070096777903,109,0.7618013304683079,10.114700602624039,4183.9147840000005,1190.548725
API3USDT,2026-08-12,139755.47966,2768,20.73651,0.18876060078488915,5.243838489773937,5.3864803260729825,5.330490405116684,195,5.297715708902018,2.423010476420781,4345.978095,777.81935
API3USDT,2026-05-20,127613.23539000002,2755,14.12768,0.33563440524440125,2.974862478430481,3.016591251885456,3.0039053476550164,116,2.9794323358230006,0.0,4982.26194,1095.88486
AGLDUSDT,2026-08-12,187560.271886,3941,15.48912,0.1593603029489685,6.309148264983532,12.541151575461196,6.321112515803839,100,0.627508847244867,7.155138268576664,7359.050325,1120.22327
AGLDUSDT,2026-05-20,242071.500722,4165,10.578022,0.23792087587402724,4.481199331893877,7.839721254355989,4.896736348302244,149,0.42030780036624354,10.382043255238898,7845.3247175,596.995768
BELUSDT,2026-08-12,181665.44255,6137,8.587200000000001,0.10473280706184447,4.805151133097768,8.653433065464512,5.623770245009748,368,0.9548106539425748,9.989425938420691,4551.60607,1505.38102
BELUSDT,2026-05-20,49356.752049999996,2596,4.8590599999999995,0.10352948886292557,3.3836825674877717,5.821961952839171,3.906822372276875,58,0.9659083715979954,0.0,1288.41381,208.34849
COTIUSDT,2026-08-12,18639229.552585997,429359,16.0867,0.012033786275075446,3.9466414081614936,7.59452018088776,5.178663904712374,36836,0.8309936516576499,0.0,194658.3564405,64748.703523
COTIUSDT,2026-05-20,92882.091906,3584,9.795282,0.01266936497138613,4.715868898845238,8.604070927293753,5.921256977704842,111,0.7893055431410918,6.594949333806418,3715.17275,292.719397
DUSKUSDT,2026-08-12,112052.59676,3076,11.229009999999999,0.06301252897356346,4.740462221471514,10.067353225661343,6.146863517431999,108,1.5869859792790677,8.093218751037993,3475.783935,770.51564
DUSKUSDT,2026-05-20,2485237.14486,59999,23.2935,0.147185855542902,4.839099933195006,7.911724582719027,1.9528071789104269,7146,0.6794131109335725,0.0,68052.83115499999,13424.79549
GLMUSDT,2026-08-12,495930.13905,8492,20.6338,0.09047637395686661,3.314550878354698,7.618633360554652,4.4135496509975525,671,1.105260916486716,0.0,8547.639105,1535.80581
GLMUSDT,2026-05-20,176292.15850000002,4026,13.262545,0.13354910098442868,2.306805074971338,5.182903958139644,3.669491995969327,163,0.7487882678557459,0.0,5315.164360000001,1888.9668
IOSTUSDT,2026-08-12,165453.3579887,2912,22.902159500000003,0.0005596939941155012,5.46547640735932,10.96395887769157,7.078393204742696,115,1.7866906032819023,5.915470881467752,4668.0946757,1482.8015986
IOSTUSDT,2026-05-20,80383.3765554,1249,30.9403425,0.0010557676655773244,10.441385856667988,16.06501606501492,10.477695868091178,61,0.9471780890841821,9.646845742595831,2818.39196825,432.1611769
LITUSDT,2026-08-12,13883407.05946,79653,33.7909,2.3210020890512784,4.229224126521259,4.350190475216543,4.325259515570458,4104,0.4308483842883677,0.0,374766.86097000004,88365.2224
LITUSDT,2026-05-20,56466250.46121998,617275,33.39312,1.2004346551073053,0.8734387282731154,2.5052192066803087,1.6313213703097713,54247,0.8330315988007703,0.0,2260472.3980050003,669151.76546
MTLUSDT,2026-08-12,491603.01133999997,6108,52.01387,0.20621166958784093,9.354536950419924,13.986013986013742,9.615384615383556,457,4.849386079840236,15.849103280852988,6060.317675,713.55591
MTLUSDT,2026-05-20,54799.30321,1215,19.50597,0.28978057414299474,3.4800775099911387,6.952291327396658,6.879944960441468,34,3.450886944224326,5.925091538695347,1399.52684,72.35252000000001
OGNUSDT,2026-08-12,278805.39199699997,5238,16.436898,0.016256703544627518,1.8271013358614034,3.678898233089038,1.837559720690635,150,0.6151308580194961,1.6169957984904624,6500.50805,2585.744782
OGNUSDT,2026-05-20,77227.87503699999,2720,5.6312715,0.02192628868742155,2.9902622557114844,5.6496633846716495,4.1342401182925705,88,0.456073535404649,3.1117114068620104,1435.306797,217.567682
QTUMUSDT,2026-08-12,574249.3645499999,12175,21.60786,0.648967746917103,6.119951183650649,10.739493676610762,6.348198698618568,736,1.5409086272012011,0.0,10419.33265,1646.40403
QTUMUSDT,2026-05-20,1010286.22489,17113,18.91332,0.8918476919915255,5.6465273856571985,9.985576389659514,6.718924972004983,957,1.1212676883951527,0.0,15238.63929,5245.1241
SLPUSDT,2026-08-12,141733.491665,3785,9.072351,0.0005119436981456667,3.9944078290394422,7.860090391039688,5.885815185402259,153,1.9533397981489475,0.0,1911.554478,714.06713
SLPUSDT,2026-05-20,94659.60122899999,4732,6.915773,0.0006389198256118158,6.305170239596622,12.52167441339158,7.957981855800699,131,1.5651416029263199,10.868534867038461,1862.9238795,394.744839
SNTUSDT,2026-08-12,70089.78667999999,1879,13.3751,0.005109124993530657,5.868544600939746,11.616650532429679,7.90513957492467,85,1.9572823159846324,9.199570292092773,1649.52747,100.2761
SNTUSDT,2026-05-20,259471.56175,7815,10.17176,0.009641019799140128,4.131377814499893,8.29703381041208,4.1889210408239475,757,1.037234671054668,13.421890610206397,7702.8460000000005,1097.64237
STEEMUSDT,2026-08-12,204879.42985000001,5361,15.18037,0.03644681519093538,2.7601435274642734,5.51952542591795,5.408328826392425,371,2.7437239571163423,2.46195689044961,5243.8786150000005,902.2304
STEEMUSDT,2026-05-20,111111.42685999999,2785,9.8189,0.05392546571328871,1.8719586585189751,5.545542805531002,3.694808793644779,52,1.8544114302441435,6.603694770520366,3409.61346,939.93513
STGUSDT,2026-08-12,335307.24069400004,10117,11.096631,0.13796961042963543,3.698908867444512,7.3203786520364655,4.456327985738023,420,0.7247972918704623,15.619604831512985,8223.6647455,1781.8710760000001
STGUSDT,2026-05-20,634332.2356359999,18386,12.406117,0.16500020994930095,3.084801210982782,6.91955452119981,5.298018243334422,872,0.6060598348968713,9.715166694748959,19024.3583295,4243.62405
UMAUSDT,2026-08-12,184903.06108999997,4289,12.3825,0.32403716830551865,3.0284675953963958,3.130870381965842,3.1259768677725694,249,3.0860657289074913,3.5036751803156405,3555.8742300000004,1431.70171
UMAUSDT,2026-05-20,237856.94411,7586,14.83726,0.46437161160651097,2.162162162161924,4.296455424275692,2.17675228558966,285,2.153447745309737,3.2217368100483235,6152.9319350000005,1370.41451
WAXPUSDT,2026-08-12,174036.23419,5089,25.28328,0.003800949344767586,2.623983206507827,5.205627714425491,2.6343519494196497,235,2.630921670598705,4.323558232266579,5693.62009,1598.69411
WAXPUSDT,2026-05-20,55810.964349999995,2918,5.55384,0.006235450886477874,1.618384851918001,6.44849266484045,3.236245954691583,61,1.6037332635685637,6.93593175177635,1872.8456849999998,682.18228
BTCUSDT,2024-06-12,10238676636.427296,1764280,974.8354,68614.18607164902,0.014655364450456189,0.014845407351419112,0.014620310536246786,191744,0.01457424560670964,6.0974317954542325,206338295.92405,71109014.2736
ETHUSDT,2024-06-12,3163500267.9235997,907225,824.021,3572.699957764107,0.02823781891019959,0.16486143396460268,0.02810212311473684,81829,0.02799003587757704,5.759146031413727,75174912.76105,27706310.4161
SOLUSDT,2024-06-12,1240859801.6499996,959383,336.688,155.19426565939162,0.6408613176121075,0.661681995632297,0.6492663290475851,82386,0.6443537045330098,8.115381719116991,28062747.503,13075535.296
XRPUSDT,2024-06-12,176432487.1462,231878,55.1284,0.4878468067102298,2.035416242621392,2.067824648469582,2.0437359493151233,15126,2.0498238099442307,8.039254358651961,4126222.31095,1205701.9929
DOGEUSDT,2024-06-12,327618596.08984,966992,7.62093,0.14438476027768948,0.6884207627708936,0.7244801854676519,0.6974959893987586,56417,0.6925938707623742,6.750039436505641,8776147.596,2664912.17918
BNBUSDT,2024-06-12,157907118.18249997,241781,188.43,615.8794738126317,0.8071676487217404,0.8299443937248655,0.8143322475562627,19640,0.8118471572112496,4.925536067475639,6252553.51525,1356626.211
ADAUSDT,2024-06-12,60826095.0195,157969,49.9662,0.43385163436725255,2.2742779167624403,2.308402585410642,2.295157218269199,12036,2.3049354221249665,6.982417044473765,1197887.2303499999,289698.8878
AVAXUSDT,2024-06-12,70582383.3755,273002,26.784,32.73045119499441,1.4985763524659246,1.552553951249497,1.5278838808236674,14215,1.5276294146412872,5.74200226963496,1632179.63975,710275.1935
LINKUSDT,2024-06-12,93075518.59930001,301668,49.9224,15.62873292482077,0.644205372672451,1.2771392081741175,0.6564264145985597,21565,0.6398471359181778,7.175653234976179,2574333.9242000002,808291.9238
LTCUSDT,2024-06-12,35291781.131000005,122500,46.716,78.01331648398534,1.2761613067898312,1.2937029051890234,1.2851818532319768,6216,1.2818324422912744,6.323162699979202,817692.8400000001,172786.835
DOTUSDT,2024-06-12,40743676.23539999,228724,10.2192,6.64820114593942,1.4912019087389412,1.5576323987544143,1.5024038461543479,15184,1.5041662820479258,6.809790499426478,575220.4484999999,324091.2154
SUIUSDT,2024-06-12,74978451.485,209426,195.086,1.0122538366670806,0.9855129594953088,1.959439600274106,1.0233319688905955,16765,0.9878945021265245,7.962255550083068,2288485.3785,531899.837
NEARUSDT,2024-06-12,119217556.2193,305096,50.1039,6.366848815536502,1.5358623867292978,1.6183848519183266,1.5728216420249228,26046,1.5706356927452512,8.346471333234533,2607447.2982,862053.0804
APTUSDT,2024-06-12,28768563.991955,163034,51.54627,8.24437189345796,0.630556781637837,1.8073377914332875,1.1942080918246507,12908,0.6064743396590258,7.260998303334604,665361.2396025,223666.558895
ARBUSDT,2024-06-12,53642045.59499999,199974,60.74829999999999,0.963557124593289,1.029760065904531,2.025726729465097,1.0495382031904805,15455,1.0378211882580217,7.700905200747197,1341337.4076550002,499278.10821000003
OPUSDT,2024-06-12,75235188.81883998,423558,18.829124999999998,2.1184976398314457,0.48595587520647776,1.3901760889700878,0.4951475539721283,30682,0.4720326240614705,9.269278481743047,1621901.3433949999,496617.94116
FILUSDT,2024-06-12,33102467.376499992,127244,82.7628,5.54367302063799,1.7727353306157312,1.8355359765057522,1.8162005085367487,10949,1.8038581934335685,5.752363058099555,833815.27325,206455.8309
ATOMUSDT,2024-06-12,18866108.4815,77358,63.459450000000004,7.723714693818046,1.286339078981649,1.3241525423730298,1.2981955082433985,5750,1.2947137998246259,7.304148072478981,436176.55874999997,107320.996
UNIUSDT,2024-06-12,46012090.7232,258253,47.0352,9.820766398445924,1.0710078183564804,2.906272725713938,1.9755037534577913,17896,1.0182504698998742,9.804445305489946,1442135.42045,404786.423
INJUSDT,2024-06-12,225178512.9128,807024,147.576,30.288301380784688,0.9446141251299203,1.8836973843634464,1.0668183919491177,67098,0.3301604759625388,16.818603159060363,5975027.076850001,1821381.2318
IOUSDT,2024-06-12,417706681.29720044,1777078,35.867,5.087886502003443,5.435767349157662,9.31272117712776,6.101281269066736,196932,1.9654526483750738,26.757696871381516,15597418.4175,3431168.5619
NOTUSDT,2024-06-12,565247180.6981401,2555578,50.07329,0.017528238565702844,0.6213495712694173,1.6569093118300733,1.0806721780958557,235516,0.5705079813063537,24.900985223820232,13108515.483314998,7847538.3413
POPCATUSDT,2024-06-12,29858802.1426,472420,7.7211,0.3262296024444384,5.940005940005285,8.741258741259395,6.10873549175423,28321,3.0653257475927687,29.02666530252666,1010305.3472,429593.8785
API3USDT,2024-06-12,7458793.055299998,87196,21.82075,2.9163417398691744,0.0,3.4605070419843846,3.4710170079829568,8252,3.428953425892911,5.727280834035935,203129.0128,46804.6326
AGLDUSDT,2024-06-12,6576653.94117,98038,21.806475,1.5473132060755557,1.3574967759450074,3.2046146747075452,1.991635132443517,6779,0.6462815647623055,10.932891567945179,257815.26878500002,57007.77911
BELUSDT,2024-06-12,3323967.7642,47903,37.3474,0.7884016931825837,2.4786218862323586,3.7811948575745777,2.5382321315484644,2997,1.2683889553346035,7.389937600827395,63579.76065,21620.1431
COTIUSDT,2024-06-12,6938520.3866,88486,29.008125,0.11682611112232663,1.6683350016688456,2.7588743792534713,2.1437403589262503,5493,0.8559730272563205,0.0,207370.78538999998,61347.6187
DUSKUSDT,2024-06-12,6441240.7860900005,101494,26.218425,0.44912356447352747,1.7164803570272489,3.4959788400982195,1.994680851063364,5323,0.22265587448471358,0.0,125395.03615999999,60553.18636
GLMUSDT,2024-06-12,11633099.405480001,98707,50.06664,0.45094746440954786,1.5302887873557594,2.9717051219466577,1.9437395409418459,6817,0.22175532161042483,7.998309224879203,261784.0232,47090.01715
IOSTUSDT,2024-06-12,2657991.667614,31743,44.017008,0.0076986143149230584,1.2968486577618112,2.5776517592465495,2.540166391142214,2380,1.2989350538847713,7.1910590392059355,51355.1111685,17618.519071
LITUSDT,2024-06-12,1963171.52707,37537,7.58138,1.0326913341043213,1.9141505712954632,3.8925661951803243,2.86164003852066,2002,0.9683435572423144,0.0,50288.466174999994,3007.43307
MTLUSDT,2024-06-12,3105573.05529,38736,48.636535,1.3208271553165605,1.500375093773278,3.004751342397671,2.233139794550893,2302,0.7571013330356776,6.461708772101533,79091.772335,7769.58674
OGNUSDT,2024-06-12,2443457.1702999994,16551,40.278400000000005,0.1279293799800597,0.0,7.693788121040607,7.770007770006914,1224,7.816812683339506,7.43693682694864,51762.06080000001,8240.803899999999
QTUMUSDT,2024-06-12,2596339.8630999997,19302,50.08675,3.051272726685117,3.2320620555911117,3.300330033002937,3.26797385620879,1355,3.2773209397321996,8.113319002616592,37555.6148,9907.3448
SLPUSDT,2024-06-12,2835162.0181299997,37072,34.61542,0.003942684813156483,2.689618074233816,7.488766849726406,5.083238761448972,1133,2.5363427395015963,11.868610884417988,71757.985205,36379.35586
SNTUSDT,2024-06-12,438107.6059,9370,21.728099999999998,0.031375177580708576,3.156565656566623,6.194827467770719,3.2615786040442245,379,3.1872329564581494,7.1378581081025825,11096.1544,916.2967
STEEMUSDT,2024-06-12,2864770.8090000004,18024,50.0775,0.23505235104385955,4.182350480969844,4.240882103477056,4.240882103477056,1343,4.254371400919513,9.699448792720817,76450.9562,2764.129
STGUSDT,2024-06-12,6913633.80786,64565,45.24828,0.5589280824505436,1.763668430334903,1.854255516409957,1.8119224497189528,4369,1.7891389454176767,5.398489146372777,156027.65257,58602.04164
UMAUSDT,2024-06-12,4440144.8739,36176,49.8078,2.908498081534725,3.389830508474203,3.4725237350928215,3.432887058015414,2344,3.438200651905607,7.156949879379991,77728.14259999999,22948.5494
WAXPUSDT,2024-06-12,1264360.5647,15372,42.200500000000005,0.053658043003314476,1.8616773874415322,3.694808793644779,3.6310820624557234,958,1.8636535065914386,8.823997830665324,25617.27545,10037.9611
